OK_UUSI	3	2026-08-21	/mnt/terastation/dlna/vids/documentaries/Seitti - kilvoittelijan päiväkirja (2009)/Seitti - kilvoittelijan päiväkirja - Extra 01-extra.mkv
OK_UUSI	7	2026-08-21	/mnt/terastation/dlna/vids/documentaries/Seitti - kilvoittelijan päiväkirja (2009)/Seitti - kilvoittelijan päiväkirja.mkv
OK_UUSI	3	2026-08-21	/mnt/terastation/dlna/vids/documentaries/Seitti - kilvoittelijan päiväkirja (2009)/Seitti - kilvoittelijan päiväkirja - Part 02.mkv
EPAILTY	21	2026-08-19	/mnt/terastation/dlna/vids/documentaries/Stanley Kubrick - Ohjaajan muotokuva (2001)/Stanley Kubrick - Ohjaajan muotokuva.mkv
EPAILTY	5	2026-08-19	/mnt/terastation/dlna/vids/documentaries/The Evolution of Gollum (2003)/The Evolution of Gollum.mkv
EPAILTY	5	2026-08-19	/mnt/terastation/dlna/vids/documentaries/Vincent van Gogh - Bonus Disc/Vincent van Gogh - Bonus Disc.mkv
EPAILTY	5	2026-08-19	/mnt/terastation/dlna/vids/documentaries/Vincent van Gogh/Vincent van Gogh - Part 01.mkv
EPAILTY	2	2026-08-19	/mnt/terastation/dlna/vids/documentaries/Whisky - The Islay Edition (2010)/Whisky - The Islay Edition - Part 01.mkv
EPAILTY	4	2026-07-26	/mnt/terastation/dlna/vids/documentaries/Woody Allen - Manhattan, Movies & Me (2011)/Woody Allen - Manhattan, Movies & Me - Part 01.mkv
OK_UUSI	2	2026-08-19	/mnt/terastation/dlna/vids/movies/101 Reykjavik (2000)/101 Reykjavik.mkv
EPAILTY	12	2026-08-19	/mnt/terastation/dlna/vids/movies/12 apinaa (1995)/12 apinaa - Part 01.mkv
EPAILTY	1	2026-08-19	/mnt/terastation/dlna/vids/movies/12 apinaa (1995)/12 apinaa - Part 02.mkv
EPAILTY	1	2026-08-19	/mnt/terastation/dlna/vids/movies/12 apinaa (1995)/12 apinaa - Part 03.mkv
EPAILTY	1	2026-08-19	/mnt/terastation/dlna/vids/movies/12 apinaa (1995)/12 apinaa - Part 04.mkv
EPAILTY	9	2026-08-19	/mnt/terastation/dlna/vids/movies/1984 (1984)/1984 - Part 01.mkv
OK_UUSI	11	2026-08-19	/mnt/terastation/dlna/vids/movies/2001- Avaruusseikkailu (1968)/2001- Avaruusseikkailu - Part 01.mkv
OK_UUSI	1	2026-08-19	/mnt/terastation/dlna/vids/movies/2001- Avaruusseikkailu (1968)/2001- Avaruusseikkailu - Part 02.mkv
OK_UUSI	21	2026-08-19	/mnt/terastation/dlna/vids/movies/2010- The Year We Make Contact (1984)/2010- The Year We Make Contact.mkv
EPAILTY	4	2026-08-19	/mnt/terastation/dlna/vids/movies/2012 (2009)/2012 - Extra 02-extra.mkv
EPAILTY	4	2026-08-19	/mnt/terastation/dlna/vids/movies/2012 (2009)/2012 - Extra 03-extra.mkv
EPAILTY	4	2026-08-19	/mnt/terastation/dlna/vids/movies/2012 (2009)/2012 - Extra 04-extra.mkv
EPAILTY	4	2026-08-19	/mnt/terastation/dlna/vids/movies/2012 (2009)/2012 - Extra 05-extra.mkv
EPAILTY	4	2026-08-19	/mnt/terastation/dlna/vids/movies/2012 (2009)/2012 - Extra 06-extra.mkv
EPAILTY	4	2026-08-19	/mnt/terastation/dlna/vids/movies/2012 (2009)/2012 - Extra 07-extra.mkv
EPAILTY	2	2026-08-19	/mnt/terastation/dlna/vids/movies/2012 (2009)/2012 - Extra 08-extra.mkv
EPAILTY	2	2026-08-19	/mnt/terastation/dlna/vids/movies/2012 (2009)/2012 - Extra 09-extra.mkv
EPAILTY	2	2026-08-19	/mnt/terastation/dlna/vids/movies/2012 (2009)/2012 - Extra 10-extra.mkv
EPAILTY	2	2026-08-19	/mnt/terastation/dlna/vids/movies/2012 (2009)/2012 - Extra 11-extra.mkv
EPAILTY	2	2026-08-19	/mnt/terastation/dlna/vids/movies/2012 (2009)/2012 - Extra 12-extra.mkv
EPAILTY	2	2026-08-19	/mnt/terastation/dlna/vids/movies/2012 (2009)/2012 - Extra 13-extra.mkv
OK_UUSI	4	2026-08-23	/mnt/terastation/dlna/vids/movies/2012 (2009)/2012 - Extra 16-extra.mkv
OK_UUSI	4	2026-08-23	/mnt/terastation/dlna/vids/movies/2012 (2009)/2012 - Extra 17-extra.mkv
OK_UUSI	4	2026-08-23	/mnt/terastation/dlna/vids/movies/2012 (2009)/2012 - Extra 18-extra.mkv
OK_UUSI	4	2026-08-23	/mnt/terastation/dlna/vids/movies/2012 (2009)/2012 - Extra 19-extra.mkv
OK_UUSI	4	2026-08-23	/mnt/terastation/dlna/vids/movies/2012 (2009)/2012 - Extra 20-extra.mkv
OK_UUSI	2	2026-08-23	/mnt/terastation/dlna/vids/movies/2012 (2009)/2012 - Extra 22-extra.mkv
OK_UUSI	2	2026-08-23	/mnt/terastation/dlna/vids/movies/2012 (2009)/2012 - Extra 23-extra.mkv
OK_UUSI	2	2026-08-23	/mnt/terastation/dlna/vids/movies/2012 (2009)/2012 - Extra 24-extra.mkv
OK_UUSI	2	2026-08-23	/mnt/terastation/dlna/vids/movies/2012 (2009)/2012 - Extra 25-extra.mkv
OK_UUSI	2	2026-08-23	/mnt/terastation/dlna/vids/movies/2012 (2009)/2012 - Extra 26-extra.mkv
OK_UUSI	13	2026-08-23	/mnt/terastation/dlna/vids/movies/2012 (2009)/2012 - Extra 30-extra.mkv
OK_UUSI	3	2026-08-19	/mnt/terastation/dlna/vids/movies/2046 (2004)/2046 - Part 01.mkv
EPAILTY	1	2026-08-19	/mnt/terastation/dlna/vids/movies/2046 (2004)/2046 - Part 02.mkv
EPAILTY	1	2026-08-19	/mnt/terastation/dlna/vids/movies/2046 (2004)/2046 - Part 03.mkv
EPAILTY	1	2026-08-19	/mnt/terastation/dlna/vids/movies/2046 (2004)/2046 - Part 04.mkv
EPAILTY	1	2026-08-19	/mnt/terastation/dlna/vids/movies/2046 (2004)/2046 - Part 05.mkv
EPAILTY	1	2026-08-19	/mnt/terastation/dlna/vids/movies/2046 (2004)/2046 - Part 06.mkv
EPAILTY	1	2026-08-19	/mnt/terastation/dlna/vids/movies/2046 (2004)/2046 - Part 08.mkv
EPAILTY	1	2026-08-19	/mnt/terastation/dlna/vids/movies/2046 (2004)/2046 - Part 09.mkv
OK_UUSI	5	2026-08-22	/mnt/terastation/dlna/vids/movies/88 Minutes (2007)/88 Minutes.mkv
OK_UUSI	4	2026-08-19	/mnt/terastation/dlna/vids/movies/99 frangia (2007)/99 frangia.mkv
EPAILTY	4	2026-08-19	/mnt/terastation/dlna/vids/movies/99 frangia (2007)/extras/99 frangia - Extra 01.mkv
EPAILTY	15	2026-08-19	/mnt/terastation/dlna/vids/movies/Aikakone (2002)/Aikakone - Part 01.mkv
EPAILTY	7	2026-08-19	/mnt/terastation/dlna/vids/movies/Aikakone (2002)/Aikakone - Part 05.mkv
EPAILTY	7	2026-08-19	/mnt/terastation/dlna/vids/movies/Aikakone (2002)/Aikakone - Part 06.mkv
EPAILTY	7	2026-08-19	/mnt/terastation/dlna/vids/movies/Aikakone (2002)/Aikakone - Part 07.mkv
EPAILTY	7	2026-08-19	/mnt/terastation/dlna/vids/movies/Aikakone (2002)/Aikakone - Part 08.mkv
EPAILTY	7	2026-08-19	/mnt/terastation/dlna/vids/movies/Aikakone (2002)/Aikakone - Part 09.mkv
OK_UUSI	1	2026-08-21	/mnt/terastation/dlna/vids/movies/All the President's Men (1976)/All the President's Men - Extra 02-extra.mkv
OK_UUSI	1	2026-08-22	/mnt/terastation/dlna/vids/movies/All the President's Men (1976)/All the President's Men - Extra 03-extra.mkv
OK_UUSI	1	2026-08-22	/mnt/terastation/dlna/vids/movies/All the President's Men (1976)/All the President's Men - Extra 04-extra.mkv
OK_UUSI	1	2026-08-22	/mnt/terastation/dlna/vids/movies/All the President's Men (1976)/All the President's Men - Extra 05-extra.mkv
OK_UUSI	1	2026-08-24	/mnt/terastation/dlna/vids/movies/All the President's Men (1976)/All the President's Men - Extra 06-extra.mkv
OK_UUSI	19	2026-08-21	/mnt/terastation/dlna/vids/movies/All the President's Men (1976)/All the President's Men.mkv
OK_UUSI	15	2026-08-19	/mnt/terastation/dlna/vids/movies/Amarcord (1973)/Amarcord - Part 01.mkv
OK_UUSI	1	2026-08-19	/mnt/terastation/dlna/vids/movies/Amarcord (1973)/Amarcord - Part 02.mkv
EPAILTY	12	2026-08-19	/mnt/terastation/dlna/vids/movies/American Beauty (1999)/American Beauty - Part 01.mkv
EPAILTY	1	2026-08-19	/mnt/terastation/dlna/vids/movies/American Beauty (1999)/American Beauty - Part 02.mkv
EPAILTY	1	2026-08-19	/mnt/terastation/dlna/vids/movies/American Beauty (1999)/American Beauty - Part 05.mkv
OK_UUSI	8	2026-08-23	/mnt/terastation/dlna/vids/movies/Amores Perros (2000)/Amores Perros - Extra 02-extra.mkv
OK_UUSI	1	2026-08-24	/mnt/terastation/dlna/vids/movies/Amores Perros (2000)/Amores Perros - Extra 04-extra.mkv
OK_UUSI	5	2026-08-20	/mnt/terastation/dlna/vids/movies/Apocalypse Now Redux (2017)/Apocalypse Now Redux.mkv
OK_UUSI	8	2026-08-19	/mnt/terastation/dlna/vids/movies/Arthur's Dyke (2001)/Arthur's Dyke - Part 01.mkv
OK_UUSI	1	2026-08-23	/mnt/terastation/dlna/vids/movies/A Scanner Darkly (2006)/A Scanner Darkly - Extra 01-extra.mkv
OK_UUSI	8	2026-08-23	/mnt/terastation/dlna/vids/movies/A Scanner Darkly (2006)/A Scanner Darkly - Extra 03-extra.mkv
OK_UUSI	1	2026-08-23	/mnt/terastation/dlna/vids/movies/A Scanner Darkly (2006)/A Scanner Darkly - Extra 05-extra.mkv
OK_UUSI	9	2026-08-22	/mnt/terastation/dlna/vids/movies/A Scanner Darkly (2006)/A Scanner Darkly.mkv
OK_UUSI	5	2026-08-22	/mnt/terastation/dlna/vids/movies/Asterix and the Vikings (2006)/Asterix and the Vikings - 69min.mkv
OK_UUSI	5	2026-08-22	/mnt/terastation/dlna/vids/movies/Asterix and the Vikings (2006)/Asterix and the Vikings - 82min.mkv
EPAILTY	4	2026-08-19	/mnt/terastation/dlna/vids/movies/Barfly (1987)/Barfly.mkv
EPAILTY	11	2026-08-19	/mnt/terastation/dlna/vids/movies/Barton Fink (1991)/Barton Fink - Part 01.mkv
EPAILTY	6	2026-08-19	/mnt/terastation/dlna/vids/movies/Barton Fink (1991)/Barton Fink - Part 02.mkv
EPAILTY	6	2026-08-19	/mnt/terastation/dlna/vids/movies/Barton Fink (1991)/Barton Fink - Part 03.mkv
EPAILTY	6	2026-08-19	/mnt/terastation/dlna/vids/movies/Barton Fink (1991)/Barton Fink - Part 04.mkv
EPAILTY	6	2026-08-19	/mnt/terastation/dlna/vids/movies/Barton Fink (1991)/Barton Fink - Part 05.mkv
EPAILTY	6	2026-08-19	/mnt/terastation/dlna/vids/movies/Barton Fink (1991)/Barton Fink - Part 06.mkv
EPAILTY	6	2026-08-19	/mnt/terastation/dlna/vids/movies/Barton Fink (1991)/Barton Fink - Part 07.mkv
EPAILTY	2	2026-08-19	/mnt/terastation/dlna/vids/movies/Barton Fink (1991)/Barton Fink - Part 08.mkv
EPAILTY	8	2026-08-19	/mnt/terastation/dlna/vids/movies/Being John Malkovich (1999)/Being John Malkovich - Part 01.mkv
EPAILTY	8	2026-08-19	/mnt/terastation/dlna/vids/movies/Big Lebowski (1998)/Big Lebowski - Part 01.mkv
OK_UUSI	4	2026-08-23	/mnt/terastation/dlna/vids/movies/Black Book (2006)/Black Book - Extra 01-extra.mkv
OK_UUSI	4	2026-08-22	/mnt/terastation/dlna/vids/movies/Black Book (2006)/Black Book.mkv
OK_UUSI	3	2026-08-19	/mnt/terastation/dlna/vids/movies/Blues Brothers 2000 (1998)/Blues Brothers 2000 - Extra 01-extra.mkv
OK_UUSI	18	2026-08-19	/mnt/terastation/dlna/vids/movies/Blues Brothers 2000 (1998)/Blues Brothers 2000.mkv
EPAILTY	10	2026-08-19	/mnt/terastation/dlna/vids/movies/Brazil (1985)/Brazil - Part 01.mkv
EPAILTY	1	2026-08-19	/mnt/terastation/dlna/vids/movies/Brazil (1985)/Brazil - Part 04.mkv
OK_UUSI	4	2026-08-19	/mnt/terastation/dlna/vids/movies/Broken Flowers (2005)/Broken Flowers.mkv
OK_UUSI	1	2026-08-20	/mnt/terastation/dlna/vids/movies/Burn After Reading (2008)/Burn After Reading - Part 01.mkv
OK_UUSI	1	2026-08-20	/mnt/terastation/dlna/vids/movies/Burn After Reading (2008)/Burn After Reading - Part 02.mkv
OK_UUSI	1	2026-08-20	/mnt/terastation/dlna/vids/movies/Burn After Reading (2008)/Burn After Reading - Part 04.mkv
OK_UUSI	1	2026-08-20	/mnt/terastation/dlna/vids/movies/Burn After Reading (2008)/Burn After Reading - Part 05.mkv
OK_UUSI	1	2026-08-20	/mnt/terastation/dlna/vids/movies/Burn After Reading (2008)/Burn After Reading - Part 06.mkv
OK_UUSI	2	2026-08-20	/mnt/terastation/dlna/vids/movies/Burn After Reading (2008)/Burn After Reading - Part 09.mkv
EPAILTY	4	2026-08-18	/mnt/terastation/dlna/vids/movies/Che- Part One (2008)/Che- Part One - Extra 01-extra.mkv
EPAILTY	5	2026-08-18	/mnt/terastation/dlna/vids/movies/Che- Part One (2008)/Che- Part One.mkv
EPAILTY	5	2026-08-18	/mnt/terastation/dlna/vids/movies/Che- Part Two (2008)/Che- Part Two.mkv
OK_UUSI	5	2026-08-24	/mnt/terastation/dlna/vids/movies/Chicken Run (2000)/Chicken Run.mkv
OK_UUSI	4	2026-08-23	/mnt/terastation/dlna/vids/movies/Children of Men (2006)/Children of Men - Extra 01-extra.mkv
OK_UUSI	4	2026-08-23	/mnt/terastation/dlna/vids/movies/Children of Men (2006)/Children of Men.mkv
EPAILTY	17	2026-08-19	/mnt/terastation/dlna/vids/movies/Circus (2000)/Circus - Part 01.mkv
EPAILTY	1	2026-08-19	/mnt/terastation/dlna/vids/movies/Circus (2000)/Circus - Part 02.mkv
EPAILTY	1	2026-08-19	/mnt/terastation/dlna/vids/movies/Circus (2000)/Circus - Part 03.mkv
EPAILTY	1	2026-08-19	/mnt/terastation/dlna/vids/movies/Circus (2000)/Circus - Part 04.mkv
EPAILTY	1	2026-08-19	/mnt/terastation/dlna/vids/movies/Circus (2000)/Circus - Part 05.mkv
EPAILTY	1	2026-08-19	/mnt/terastation/dlna/vids/movies/Circus (2000)/Circus - Part 06.mkv
OK_UUSI	4	2026-08-24	/mnt/terastation/dlna/vids/movies/Coffee and Cigarettes (2003)/Coffee and Cigarettes - Extra 01-extra.mkv
EPAILTY	6	2026-08-19	/mnt/terastation/dlna/vids/movies/Contact (1997)/Contact - Part 01.mkv
EPAILTY	1	2026-08-19	/mnt/terastation/dlna/vids/movies/Contact (1997)/Contact - Part 02.mkv
EPAILTY	1	2026-08-19	/mnt/terastation/dlna/vids/movies/Contact (1997)/Contact - Part 03.mkv
EPAILTY	1	2026-08-19	/mnt/terastation/dlna/vids/movies/Contact (1997)/Contact - Part 04.mkv
EPAILTY	4	2026-08-19	/mnt/terastation/dlna/vids/movies/Cube (1997)/Cube.mkv
EPAILTY	8	2026-08-19	/mnt/terastation/dlna/vids/movies/Cube²- Hypercube (2002)/Cube²- Hypercube - Extra 01-extra.mkv
EPAILTY	8	2026-08-19	/mnt/terastation/dlna/vids/movies/Cube²- Hypercube (2002)/Cube²- Hypercube.mkv
OK_UUSI	1	2026-08-20	/mnt/terastation/dlna/vids/movies/Dante 01 (2008)/Dante 01 - Extra 01-extra.mkv
OK_UUSI	1	2026-08-19	/mnt/terastation/dlna/vids/movies/Dante 01 (2008)/Dante 01.mkv
EPAILTY	8	2026-08-19	/mnt/terastation/dlna/vids/movies/Dark City (1998)/Dark City.mkv
OK_UUSI	2	2026-08-20	/mnt/terastation/dlna/vids/movies/District 9 (2009)/District 9 - Part 02.mkv
OK_UUSI	2	2026-08-20	/mnt/terastation/dlna/vids/movies/District 9 (2009)/District 9 - Part 03.mkv
OK_UUSI	2	2026-08-20	/mnt/terastation/dlna/vids/movies/District 9 (2009)/District 9 - Part 04.mkv
EPAILTY	5	2026-08-19	/mnt/terastation/dlna/vids/movies/Easy Rider (1969)/Easy Rider - Extra 01-extra.mkv
EPAILTY	24	2026-08-19	/mnt/terastation/dlna/vids/movies/Easy Rider (1969)/Easy Rider.mkv
OK_UUSI	4	2026-08-19	/mnt/terastation/dlna/vids/movies/Elämä on Pythonia (1971)/Elämä on Pythonia.mkv
EPAILTY	14	2026-08-19	/mnt/terastation/dlna/vids/movies/Eräs rakkaus tarina (1969)/Eräs rakkaus tarina - Part 01.mkv
EPAILTY	2	2026-08-19	/mnt/terastation/dlna/vids/movies/Eräs rakkaus tarina (1969)/Eräs rakkaus tarina - Part 02.mkv
EPAILTY	2	2026-08-19	/mnt/terastation/dlna/vids/movies/Eräs rakkaus tarina (1969)/Eräs rakkaus tarina - Part 03.mkv
EPAILTY	2	2026-08-19	/mnt/terastation/dlna/vids/movies/Eräs rakkaus tarina (1969)/Eräs rakkaus tarina - Part 04.mkv
EPAILTY	2	2026-08-19	/mnt/terastation/dlna/vids/movies/Eräs rakkaus tarina (1969)/Eräs rakkaus tarina - Part 05.mkv
EPAILTY	2	2026-08-19	/mnt/terastation/dlna/vids/movies/Eräs rakkaus tarina (1969)/Eräs rakkaus tarina - Part 06.mkv
EPAILTY	2	2026-08-19	/mnt/terastation/dlna/vids/movies/Eräs rakkaus tarina (1969)/Eräs rakkaus tarina - Part 07.mkv
EPAILTY	2	2026-08-19	/mnt/terastation/dlna/vids/movies/Eräs rakkaus tarina (1969)/Eräs rakkaus tarina - Part 08.mkv
EPAILTY	2	2026-08-19	/mnt/terastation/dlna/vids/movies/Eräs rakkaus tarina (1969)/Eräs rakkaus tarina - Part 09.mkv
EPAILTY	2	2026-08-19	/mnt/terastation/dlna/vids/movies/Eräs rakkaus tarina (1969)/Eräs rakkaus tarina - Part 10.mkv
EPAILTY	2	2026-08-19	/mnt/terastation/dlna/vids/movies/Eräs rakkaus tarina (1969)/Eräs rakkaus tarina - Part 11.mkv
EPAILTY	2	2026-08-19	/mnt/terastation/dlna/vids/movies/E.T. the Extra-Terrestrial (1982)/E.T. the Extra-Terrestrial - Extra 01-extra.mkv
EPAILTY	17	2026-08-19	/mnt/terastation/dlna/vids/movies/E.T. the Extra-Terrestrial (1982)/E.T. the Extra-Terrestrial - Extra 02-extra.mkv
EPAILTY	17	2026-08-19	/mnt/terastation/dlna/vids/movies/E.T. the Extra-Terrestrial (1982)/E.T. the Extra-Terrestrial - Extra 04-extra.mkv
EPAILTY	17	2026-08-19	/mnt/terastation/dlna/vids/movies/E.T. the Extra-Terrestrial (1982)/E.T. the Extra-Terrestrial - Extra 05-extra.mkv
EPAILTY	17	2026-08-19	/mnt/terastation/dlna/vids/movies/E.T. the Extra-Terrestrial (1982)/E.T. the Extra-Terrestrial - Extra 06-extra.mkv
EPAILTY	17	2026-08-19	/mnt/terastation/dlna/vids/movies/E.T. the Extra-Terrestrial (1982)/E.T. the Extra-Terrestrial - Extra 07-extra.mkv
OK_UUSI	17	2026-08-20	/mnt/terastation/dlna/vids/movies/E.T. the Extra-Terrestrial (1982)/E.T. the Extra-Terrestrial - Extra 09-extra.mkv
OK_UUSI	17	2026-08-20	/mnt/terastation/dlna/vids/movies/E.T. the Extra-Terrestrial (1982)/E.T. the Extra-Terrestrial - Extra 11-extra.mkv
OK_UUSI	17	2026-08-20	/mnt/terastation/dlna/vids/movies/E.T. the Extra-Terrestrial (1982)/E.T. the Extra-Terrestrial - Extra 12-extra.mkv
OK_UUSI	17	2026-08-20	/mnt/terastation/dlna/vids/movies/E.T. the Extra-Terrestrial (1982)/E.T. the Extra-Terrestrial - Extra 13-extra.mkv
OK_UUSI	17	2026-08-20	/mnt/terastation/dlna/vids/movies/E.T. the Extra-Terrestrial (1982)/E.T. the Extra-Terrestrial - Extra 14-extra.mkv
OK_UUSI	17	2026-08-20	/mnt/terastation/dlna/vids/movies/E.T. the Extra-Terrestrial (1982)/E.T. the Extra-Terrestrial - Extra 17-extra.mkv
OK_UUSI	17	2026-08-20	/mnt/terastation/dlna/vids/movies/E.T. the Extra-Terrestrial (1982)/E.T. the Extra-Terrestrial - Extra 18-extra.mkv
OK_UUSI	17	2026-08-20	/mnt/terastation/dlna/vids/movies/E.T. the Extra-Terrestrial (1982)/E.T. the Extra-Terrestrial - Extra 19-extra.mkv
OK_UUSI	17	2026-08-23	/mnt/terastation/dlna/vids/movies/E.T. the Extra-Terrestrial (1982)/E.T. the Extra-Terrestrial - Extra 20-extra.mkv
OK_UUSI	17	2026-08-23	/mnt/terastation/dlna/vids/movies/E.T. the Extra-Terrestrial (1982)/E.T. the Extra-Terrestrial - Extra 23-extra.mkv
OK_UUSI	17	2026-08-23	/mnt/terastation/dlna/vids/movies/E.T. the Extra-Terrestrial (1982)/E.T. the Extra-Terrestrial - Extra 24-extra.mkv
OK_UUSI	17	2026-08-23	/mnt/terastation/dlna/vids/movies/E.T. the Extra-Terrestrial (1982)/E.T. the Extra-Terrestrial - Extra 25-extra.mkv
EPAILTY	2	2026-08-19	/mnt/terastation/dlna/vids/movies/E.T. the Extra-Terrestrial (1982)/E.T. the Extra-Terrestrial.mkv
EPAILTY	14	2026-08-19	/mnt/terastation/dlna/vids/movies/Everything You Always Wanted to Know About Sex- (-But Were Afraid to Ask) (1972)/Everything You Always Wanted to Know About Sex- (-But Were Afraid to Ask) - Part 01.mkv
EPAILTY	4	2026-08-19	/mnt/terastation/dlna/vids/movies/Fargo (1996)/Fargo - Part 01.mkv
EPAILTY	16	2026-08-19	/mnt/terastation/dlna/vids/movies/Freejack (1992)/Freejack - Part 01.mkv
OK_UUSI	4	2026-08-20	/mnt/terastation/dlna/vids/movies/Futurama - Bender's Big Score (2007)/Futurama - Bender's Big Score - Part 02.mkv
OK_UUSI	4	2026-08-20	/mnt/terastation/dlna/vids/movies/Futurama - Bender's Big Score (2007)/Futurama - Bender's Big Score - Part 03.mkv
OK_UUSI	4	2026-08-20	/mnt/terastation/dlna/vids/movies/Futurama - Bender's Big Score (2007)/Futurama - Bender's Big Score - Part 04.mkv
OK_UUSI	4	2026-08-20	/mnt/terastation/dlna/vids/movies/Futurama - Bender's Big Score (2007)/Futurama - Bender's Big Score - Part 05.mkv
OK_UUSI	4	2026-08-20	/mnt/terastation/dlna/vids/movies/Futurama - Bender's Big Score (2007)/Futurama - Bender's Big Score - Part 06.mkv
OK_UUSI	4	2026-08-20	/mnt/terastation/dlna/vids/movies/Futurama - Bender's Big Score (2007)/Futurama - Bender's Big Score - Part 07.mkv
OK_UUSI	4	2026-08-20	/mnt/terastation/dlna/vids/movies/Futurama - Bender's Big Score (2007)/Futurama - Bender's Big Score - Part 08.mkv
EPAILTY	4	2026-08-19	/mnt/terastation/dlna/vids/movies/Futurama - Bender's Big Score (2007)/Futurama - Bender's Big Score - Part 09.mkv
OK_UUSI	4	2026-08-20	/mnt/terastation/dlna/vids/movies/Futurama - Bender's Big Score (2007)/Futurama - Bender's Big Score - Part 10.mkv
OK_UUSI	4	2026-08-20	/mnt/terastation/dlna/vids/movies/Futurama - Bender's Big Score (2007)/Futurama - Bender's Big Score - Part 11.mkv
EPAILTY	10	2026-08-19	/mnt/terastation/dlna/vids/movies/Futurama - Bender's Game (2008)/Futurama - Bender's Game - Part 01.mkv
EPAILTY	10	2026-08-19	/mnt/terastation/dlna/vids/movies/Futurama - Bender's Game (2008)/Futurama - Bender's Game - Part 02.mkv
EPAILTY	10	2026-08-19	/mnt/terastation/dlna/vids/movies/Futurama - Bender's Game (2008)/Futurama - Bender's Game - Part 03.mkv
EPAILTY	10	2026-08-19	/mnt/terastation/dlna/vids/movies/Futurama - Bender's Game (2008)/Futurama - Bender's Game - Part 04.mkv
EPAILTY	10	2026-08-19	/mnt/terastation/dlna/vids/movies/Futurama - Bender's Game (2008)/Futurama - Bender's Game - Part 05.mkv
EPAILTY	10	2026-08-19	/mnt/terastation/dlna/vids/movies/Futurama - Bender's Game (2008)/Futurama - Bender's Game - Part 06.mkv
EPAILTY	10	2026-08-19	/mnt/terastation/dlna/vids/movies/Futurama - Bender's Game (2008)/Futurama - Bender's Game - Part 07.mkv
EPAILTY	10	2026-08-19	/mnt/terastation/dlna/vids/movies/Futurama - Bender's Game (2008)/Futurama - Bender's Game - Part 08.mkv
EPAILTY	10	2026-08-19	/mnt/terastation/dlna/vids/movies/Futurama - Bender's Game (2008)/Futurama - Bender's Game - Part 09.mkv
EPAILTY	10	2026-08-19	/mnt/terastation/dlna/vids/movies/Futurama - Bender's Game (2008)/Futurama - Bender's Game - Part 10.mkv
EPAILTY	10	2026-08-19	/mnt/terastation/dlna/vids/movies/Futurama - Into the Wild Green Yonder (2009)/Futurama - Into the Wild Green Yonder - Part 01.mkv
EPAILTY	10	2026-08-19	/mnt/terastation/dlna/vids/movies/Futurama - Into the Wild Green Yonder (2009)/Futurama - Into the Wild Green Yonder - Part 02.mkv
EPAILTY	10	2026-08-19	/mnt/terastation/dlna/vids/movies/Futurama - Into the Wild Green Yonder (2009)/Futurama - Into the Wild Green Yonder - Part 03.mkv
EPAILTY	10	2026-08-19	/mnt/terastation/dlna/vids/movies/Futurama - Into the Wild Green Yonder (2009)/Futurama - Into the Wild Green Yonder - Part 04.mkv
EPAILTY	10	2026-08-19	/mnt/terastation/dlna/vids/movies/Futurama - Into the Wild Green Yonder (2009)/Futurama - Into the Wild Green Yonder - Part 05.mkv
EPAILTY	10	2026-08-19	/mnt/terastation/dlna/vids/movies/Futurama - Into the Wild Green Yonder (2009)/Futurama - Into the Wild Green Yonder - Part 06.mkv
EPAILTY	10	2026-08-19	/mnt/terastation/dlna/vids/movies/Futurama - Into the Wild Green Yonder (2009)/Futurama - Into the Wild Green Yonder - Part 07.mkv
EPAILTY	10	2026-08-19	/mnt/terastation/dlna/vids/movies/Futurama - Into the Wild Green Yonder (2009)/Futurama - Into the Wild Green Yonder - Part 08.mkv
EPAILTY	10	2026-08-19	/mnt/terastation/dlna/vids/movies/Futurama - Into the Wild Green Yonder (2009)/Futurama - Into the Wild Green Yonder - Part 09.mkv
EPAILTY	10	2026-08-19	/mnt/terastation/dlna/vids/movies/Futurama - Into the Wild Green Yonder (2009)/Futurama - Into the Wild Green Yonder - Part 10.mkv
EPAILTY	10	2026-08-19	/mnt/terastation/dlna/vids/movies/Futurama - Into the Wild Green Yonder (2009)/Futurama - Into the Wild Green Yonder - Part 11.mkv
EPAILTY	10	2026-08-19	/mnt/terastation/dlna/vids/movies/Futurama - The Beast With a Billion Backs (2008)/Futurama - The Beast With a Billion Backs - Part 01.mkv
EPAILTY	10	2026-08-19	/mnt/terastation/dlna/vids/movies/Futurama - The Beast With a Billion Backs (2008)/Futurama - The Beast With a Billion Backs - Part 02.mkv
EPAILTY	10	2026-08-19	/mnt/terastation/dlna/vids/movies/Futurama - The Beast With a Billion Backs (2008)/Futurama - The Beast With a Billion Backs - Part 03.mkv
EPAILTY	10	2026-08-19	/mnt/terastation/dlna/vids/movies/Futurama - The Beast With a Billion Backs (2008)/Futurama - The Beast With a Billion Backs - Part 04.mkv
EPAILTY	10	2026-08-19	/mnt/terastation/dlna/vids/movies/Futurama - The Beast With a Billion Backs (2008)/Futurama - The Beast With a Billion Backs - Part 05.mkv
EPAILTY	10	2026-08-19	/mnt/terastation/dlna/vids/movies/Futurama - The Beast With a Billion Backs (2008)/Futurama - The Beast With a Billion Backs - Part 06.mkv
EPAILTY	10	2026-08-19	/mnt/terastation/dlna/vids/movies/Futurama - The Beast With a Billion Backs (2008)/Futurama - The Beast With a Billion Backs - Part 07.mkv
EPAILTY	10	2026-08-19	/mnt/terastation/dlna/vids/movies/Futurama - The Beast With a Billion Backs (2008)/Futurama - The Beast With a Billion Backs - Part 08.mkv
EPAILTY	10	2026-08-19	/mnt/terastation/dlna/vids/movies/Futurama - The Beast With a Billion Backs (2008)/Futurama - The Beast With a Billion Backs - Part 09.mkv
OK_UUSI	7	2026-08-21	/mnt/terastation/dlna/vids/movies/Galaxy Quest (1999)/Galaxy Quest.mkv
OK_UUSI	3	2026-08-20	/mnt/terastation/dlna/vids/movies/Gandhi (1982)/Gandhi - Extra 01-extra.mkv
OK_UUSI	3	2026-08-20	/mnt/terastation/dlna/vids/movies/Gandhi (1982)/Gandhi - Extra 04-extra.mkv
OK_UUSI	3	2026-08-20	/mnt/terastation/dlna/vids/movies/Gandhi (1982)/Gandhi - Extra 05-extra.mkv
OK_UUSI	3	2026-08-20	/mnt/terastation/dlna/vids/movies/Gandhi (1982)/Gandhi - Extra 06-extra.mkv
OK_UUSI	3	2026-08-20	/mnt/terastation/dlna/vids/movies/Gandhi (1982)/Gandhi - Extra 07-extra.mkv
OK_UUSI	3	2026-08-20	/mnt/terastation/dlna/vids/movies/Gandhi (1982)/Gandhi - Extra 09-extra.mkv
OK_UUSI	3	2026-08-20	/mnt/terastation/dlna/vids/movies/Gandhi (1982)/Gandhi - Extra 11-extra.mkv
OK_UUSI	3	2026-08-20	/mnt/terastation/dlna/vids/movies/Gandhi (1982)/Gandhi - Extra 12-extra.mkv
OK_UUSI	3	2026-08-20	/mnt/terastation/dlna/vids/movies/Gandhi (1982)/Gandhi - Extra 14-extra.mkv
OK_UUSI	14	2026-08-20	/mnt/terastation/dlna/vids/movies/Gandhi (1982)/Gandhi.mkv
OK_UUSI	4	2026-08-23	/mnt/terastation/dlna/vids/movies/Gangs of New York (2002)/Gangs of New York - Extra 01-extra.mkv
OK_UUSI	4	2026-08-23	/mnt/terastation/dlna/vids/movies/Gangs of New York (2002)/Gangs of New York - Extra 02-extra.mkv
OK_UUSI	4	2026-08-23	/mnt/terastation/dlna/vids/movies/Gangs of New York (2002)/Gangs of New York - Extra 03-extra.mkv
OK_UUSI	5	2026-08-23	/mnt/terastation/dlna/vids/movies/Gangs of New York (2002)/Gangs of New York - Extra 04-extra.mkv
OK_UUSI	4	2026-08-23	/mnt/terastation/dlna/vids/movies/Gangs of New York (2002)/Gangs of New York - Extra 06-extra.mkv
OK_UUSI	4	2026-08-23	/mnt/terastation/dlna/vids/movies/Gangs of New York (2002)/Gangs of New York - Extra 07-extra.mkv
OK_UUSI	4	2026-08-23	/mnt/terastation/dlna/vids/movies/Gangs of New York (2002)/Gangs of New York - Extra 08-extra.mkv
OK_UUSI	4	2026-08-23	/mnt/terastation/dlna/vids/movies/Gangs of New York (2002)/Gangs of New York - Extra 09-extra.mkv
OK_UUSI	5	2026-08-23	/mnt/terastation/dlna/vids/movies/Gangs of New York (2002)/Gangs of New York - Extra 10-extra.mkv
OK_UUSI	4	2026-08-23	/mnt/terastation/dlna/vids/movies/Gangs of New York (2002)/Gangs of New York - Extra 12-extra.mkv
OK_UUSI	4	2026-08-23	/mnt/terastation/dlna/vids/movies/Gangs of New York (2002)/Gangs of New York - Extra 13-extra.mkv
OK_UUSI	10	2026-08-23	/mnt/terastation/dlna/vids/movies/Gangs of New York (2002)/Gangs of New York - Extra 14-extra.mkv
OK_UUSI	4	2026-08-23	/mnt/terastation/dlna/vids/movies/Gangs of New York (2002)/Gangs of New York - Extra 15-extra.mkv
OK_UUSI	10	2026-08-23	/mnt/terastation/dlna/vids/movies/Gangs of New York (2002)/Gangs of New York.mkv
OK_UUSI	4	2026-08-21	/mnt/terastation/dlna/vids/movies/Gattaca (1997)/Gattaca - Extra 01-extra.mkv
OK_UUSI	4	2026-08-21	/mnt/terastation/dlna/vids/movies/Gattaca (1997)/Gattaca - Extra 02-extra.mkv
OK_UUSI	4	2026-08-21	/mnt/terastation/dlna/vids/movies/Gattaca (1997)/Gattaca - Extra 03-extra.mkv
OK_UUSI	4	2026-08-21	/mnt/terastation/dlna/vids/movies/Gattaca (1997)/Gattaca - Extra 04-extra.mkv
OK_UUSI	4	2026-08-21	/mnt/terastation/dlna/vids/movies/Gattaca (1997)/Gattaca - Extra 05-extra.mkv
OK_UUSI	4	2026-08-21	/mnt/terastation/dlna/vids/movies/Gattaca (1997)/Gattaca - Extra 06-extra.mkv
OK_UUSI	4	2026-08-21	/mnt/terastation/dlna/vids/movies/Gattaca (1997)/Gattaca - Extra 07-extra.mkv
OK_UUSI	4	2026-08-21	/mnt/terastation/dlna/vids/movies/Gattaca (1997)/Gattaca - Extra 09-extra.mkv
OK_UUSI	4	2026-08-21	/mnt/terastation/dlna/vids/movies/Gattaca (1997)/Gattaca - Extra 10-extra.mkv
OK_UUSI	2	2026-08-21	/mnt/terastation/dlna/vids/movies/Gattaca (1997)/Gattaca - Extra 11-extra.mkv
OK_UUSI	4	2026-08-21	/mnt/terastation/dlna/vids/movies/Gattaca (1997)/Gattaca - Extra 12-extra.mkv
OK_UUSI	4	2026-08-21	/mnt/terastation/dlna/vids/movies/Gattaca (1997)/Gattaca - Extra 13-extra.mkv
OK_UUSI	4	2026-08-21	/mnt/terastation/dlna/vids/movies/Gattaca (1997)/Gattaca - Extra 14-extra.mkv
OK_UUSI	4	2026-08-21	/mnt/terastation/dlna/vids/movies/Gattaca (1997)/Gattaca - Extra 15-extra.mkv
OK_UUSI	4	2026-08-21	/mnt/terastation/dlna/vids/movies/Gattaca (1997)/Gattaca - Extra 16-extra.mkv
OK_UUSI	4	2026-08-21	/mnt/terastation/dlna/vids/movies/Gattaca (1997)/Gattaca - Extra 18-extra.mkv
OK_UUSI	4	2026-08-21	/mnt/terastation/dlna/vids/movies/Gattaca (1997)/Gattaca - Extra 19-extra.mkv
OK_UUSI	2	2026-08-21	/mnt/terastation/dlna/vids/movies/Gattaca (1997)/Gattaca - Extra 20-extra.mkv
OK_UUSI	4	2026-08-21	/mnt/terastation/dlna/vids/movies/Gattaca (1997)/Gattaca - Extra 21-extra.mkv
OK_UUSI	4	2026-08-21	/mnt/terastation/dlna/vids/movies/Gattaca (1997)/Gattaca - Extra 22-extra.mkv
OK_UUSI	4	2026-08-21	/mnt/terastation/dlna/vids/movies/Gattaca (1997)/Gattaca - Extra 23-extra.mkv
OK_UUSI	4	2026-08-21	/mnt/terastation/dlna/vids/movies/Gattaca (1997)/Gattaca - Extra 24-extra.mkv
OK_UUSI	4	2026-08-21	/mnt/terastation/dlna/vids/movies/Gattaca (1997)/Gattaca - Extra 25-extra.mkv
OK_UUSI	4	2026-08-21	/mnt/terastation/dlna/vids/movies/Gattaca (1997)/Gattaca - Extra 26-extra.mkv
OK_UUSI	4	2026-08-21	/mnt/terastation/dlna/vids/movies/Gattaca (1997)/Gattaca - Extra 27-extra.mkv
OK_UUSI	2	2026-08-21	/mnt/terastation/dlna/vids/movies/Gattaca (1997)/Gattaca - Extra 28-extra.mkv
OK_UUSI	4	2026-08-21	/mnt/terastation/dlna/vids/movies/Gattaca (1997)/Gattaca - Extra 29-extra.mkv
OK_UUSI	4	2026-08-21	/mnt/terastation/dlna/vids/movies/Gattaca (1997)/Gattaca - Extra 30-extra.mkv
OK_UUSI	4	2026-08-21	/mnt/terastation/dlna/vids/movies/Gattaca (1997)/Gattaca - Extra 31-extra.mkv
OK_UUSI	4	2026-08-21	/mnt/terastation/dlna/vids/movies/Gattaca (1997)/Gattaca - Extra 32-extra.mkv
OK_UUSI	4	2026-08-21	/mnt/terastation/dlna/vids/movies/Gattaca (1997)/Gattaca - Extra 33-extra.mkv
OK_UUSI	4	2026-08-21	/mnt/terastation/dlna/vids/movies/Gattaca (1997)/Gattaca - Extra 34-extra.mkv
OK_UUSI	2	2026-08-21	/mnt/terastation/dlna/vids/movies/Gattaca (1997)/Gattaca - Extra 35-extra.mkv
OK_UUSI	4	2026-08-21	/mnt/terastation/dlna/vids/movies/Gattaca (1997)/Gattaca - Extra 36-extra.mkv
OK_UUSI	4	2026-08-21	/mnt/terastation/dlna/vids/movies/Gattaca (1997)/Gattaca - Extra 37-extra.mkv
OK_UUSI	4	2026-08-21	/mnt/terastation/dlna/vids/movies/Gattaca (1997)/Gattaca - Extra 38-extra.mkv
OK_UUSI	4	2026-08-21	/mnt/terastation/dlna/vids/movies/Gattaca (1997)/Gattaca - Extra 39-extra.mkv
OK_UUSI	4	2026-08-21	/mnt/terastation/dlna/vids/movies/Gattaca (1997)/Gattaca - Extra 40-extra.mkv
OK_UUSI	4	2026-08-21	/mnt/terastation/dlna/vids/movies/Gattaca (1997)/Gattaca - Extra 41-extra.mkv
OK_UUSI	2	2026-08-21	/mnt/terastation/dlna/vids/movies/Gattaca (1997)/Gattaca - Extra 42-extra.mkv
OK_UUSI	4	2026-08-21	/mnt/terastation/dlna/vids/movies/Gattaca (1997)/Gattaca - Extra 43-extra.mkv
OK_UUSI	4	2026-08-21	/mnt/terastation/dlna/vids/movies/Gattaca (1997)/Gattaca - Extra 44-extra.mkv
OK_UUSI	4	2026-08-21	/mnt/terastation/dlna/vids/movies/Gattaca (1997)/Gattaca - Extra 45-extra.mkv
OK_UUSI	4	2026-08-21	/mnt/terastation/dlna/vids/movies/Gattaca (1997)/Gattaca - Extra 46-extra.mkv
OK_UUSI	4	2026-08-21	/mnt/terastation/dlna/vids/movies/Gattaca (1997)/Gattaca - Extra 47-extra.mkv
OK_UUSI	4	2026-08-21	/mnt/terastation/dlna/vids/movies/Gattaca (1997)/Gattaca - Extra 48-extra.mkv
OK_UUSI	2	2026-08-21	/mnt/terastation/dlna/vids/movies/Gattaca (1997)/Gattaca - Extra 49-extra.mkv
OK_UUSI	4	2026-08-21	/mnt/terastation/dlna/vids/movies/Gattaca (1997)/Gattaca - Extra 50-extra.mkv
OK_UUSI	4	2026-08-21	/mnt/terastation/dlna/vids/movies/Gattaca (1997)/Gattaca - Extra 51-extra.mkv
OK_UUSI	4	2026-08-21	/mnt/terastation/dlna/vids/movies/Gattaca (1997)/Gattaca - Extra 52-extra.mkv
OK_UUSI	4	2026-08-21	/mnt/terastation/dlna/vids/movies/Gattaca (1997)/Gattaca - Extra 53-extra.mkv
OK_UUSI	4	2026-08-21	/mnt/terastation/dlna/vids/movies/Gattaca (1997)/Gattaca - Extra 54-extra.mkv
OK_UUSI	4	2026-08-21	/mnt/terastation/dlna/vids/movies/Gattaca (1997)/Gattaca - Extra 55-extra.mkv
OK_UUSI	2	2026-08-21	/mnt/terastation/dlna/vids/movies/Gattaca (1997)/Gattaca - Extra 56-extra.mkv
OK_UUSI	4	2026-08-21	/mnt/terastation/dlna/vids/movies/Gattaca (1997)/Gattaca - Extra 57-extra.mkv
OK_UUSI	4	2026-08-21	/mnt/terastation/dlna/vids/movies/Gattaca (1997)/Gattaca - Extra 58-extra.mkv
OK_UUSI	4	2026-08-21	/mnt/terastation/dlna/vids/movies/Gattaca (1997)/Gattaca - Extra 59-extra.mkv
OK_UUSI	4	2026-08-22	/mnt/terastation/dlna/vids/movies/Gattaca (1997)/Gattaca - Extra 60-extra.mkv
OK_UUSI	4	2026-08-21	/mnt/terastation/dlna/vids/movies/Gattaca (1997)/Gattaca - Extra 61-extra.mkv
OK_UUSI	4	2026-08-22	/mnt/terastation/dlna/vids/movies/Gattaca (1997)/Gattaca - Extra 62-extra.mkv
OK_UUSI	2	2026-08-21	/mnt/terastation/dlna/vids/movies/Gattaca (1997)/Gattaca - Extra 63-extra.mkv
OK_UUSI	4	2026-08-22	/mnt/terastation/dlna/vids/movies/Gattaca (1997)/Gattaca - Extra 64-extra.mkv
OK_UUSI	4	2026-08-22	/mnt/terastation/dlna/vids/movies/Gattaca (1997)/Gattaca - Extra 65-extra.mkv
OK_UUSI	4	2026-08-22	/mnt/terastation/dlna/vids/movies/Gattaca (1997)/Gattaca - Extra 66-extra.mkv
OK_UUSI	4	2026-08-22	/mnt/terastation/dlna/vids/movies/Gattaca (1997)/Gattaca - Extra 67-extra.mkv
OK_UUSI	4	2026-08-22	/mnt/terastation/dlna/vids/movies/Gattaca (1997)/Gattaca - Extra 68-extra.mkv
OK_UUSI	4	2026-08-22	/mnt/terastation/dlna/vids/movies/Gattaca (1997)/Gattaca - Extra 69-extra.mkv
OK_UUSI	2	2026-08-22	/mnt/terastation/dlna/vids/movies/Gattaca (1997)/Gattaca - Extra 70-extra.mkv
OK_UUSI	4	2026-08-22	/mnt/terastation/dlna/vids/movies/Gattaca (1997)/Gattaca - Extra 71-extra.mkv
OK_UUSI	4	2026-08-22	/mnt/terastation/dlna/vids/movies/Gattaca (1997)/Gattaca - Extra 72-extra.mkv
OK_UUSI	4	2026-08-22	/mnt/terastation/dlna/vids/movies/Gattaca (1997)/Gattaca - Extra 73-extra.mkv
OK_UUSI	4	2026-08-22	/mnt/terastation/dlna/vids/movies/Gattaca (1997)/Gattaca - Extra 74-extra.mkv
OK_UUSI	4	2026-08-22	/mnt/terastation/dlna/vids/movies/Gattaca (1997)/Gattaca - Extra 75-extra.mkv
OK_UUSI	4	2026-08-22	/mnt/terastation/dlna/vids/movies/Gattaca (1997)/Gattaca - Extra 76-extra.mkv
OK_UUSI	2	2026-08-22	/mnt/terastation/dlna/vids/movies/Gattaca (1997)/Gattaca - Extra 77-extra.mkv
OK_UUSI	4	2026-08-22	/mnt/terastation/dlna/vids/movies/Gattaca (1997)/Gattaca - Extra 78-extra.mkv
OK_UUSI	4	2026-08-22	/mnt/terastation/dlna/vids/movies/Gattaca (1997)/Gattaca - Extra 79-extra.mkv
OK_UUSI	4	2026-08-22	/mnt/terastation/dlna/vids/movies/Gattaca (1997)/Gattaca - Extra 80-extra.mkv
OK_UUSI	4	2026-08-24	/mnt/terastation/dlna/vids/movies/Gattaca (1997)/Gattaca - Extra 81-extra.mkv
OK_UUSI	4	2026-08-22	/mnt/terastation/dlna/vids/movies/Gattaca (1997)/Gattaca - Extra 82-extra.mkv
OK_UUSI	4	2026-08-24	/mnt/terastation/dlna/vids/movies/Gattaca (1997)/Gattaca - Extra 83-extra.mkv
OK_UUSI	2	2026-08-22	/mnt/terastation/dlna/vids/movies/Gattaca (1997)/Gattaca - Extra 84-extra.mkv
OK_UUSI	4	2026-08-24	/mnt/terastation/dlna/vids/movies/Gattaca (1997)/Gattaca - Extra 85-extra.mkv
OK_UUSI	4	2026-08-24	/mnt/terastation/dlna/vids/movies/Gattaca (1997)/Gattaca - Extra 86-extra.mkv
OK_UUSI	4	2026-08-24	/mnt/terastation/dlna/vids/movies/Gattaca (1997)/Gattaca - Extra 87-extra.mkv
OK_UUSI	4	2026-08-24	/mnt/terastation/dlna/vids/movies/Gattaca (1997)/Gattaca - Extra 89-extra.mkv
OK_UUSI	2	2026-08-24	/mnt/terastation/dlna/vids/movies/Gattaca (1997)/Gattaca - Extra 91-extra.mkv
OK_UUSI	12	2026-08-21	/mnt/terastation/dlna/vids/movies/Gattaca (1997)/Gattaca.mkv
OK_UUSI	4	2026-08-23	/mnt/terastation/dlna/vids/movies/Gomorrah (2008)/Gomorrah - Extra 07-extra.mkv
OK_UUSI	4	2026-08-23	/mnt/terastation/dlna/vids/movies/Gomorrah (2008)/Gomorrah.mkv
OK_UUSI	9	2026-08-21	/mnt/terastation/dlna/vids/movies/Hella W (2011)/Hella W - Extra 01-extra.mkv
OK_UUSI	9	2026-08-21	/mnt/terastation/dlna/vids/movies/Hella W (2011)/Hella W - Extra 02-extra.mkv
OK_UUSI	9	2026-08-21	/mnt/terastation/dlna/vids/movies/Hella W (2011)/Hella W.mkv
OK_UUSI	9	2026-08-23	/mnt/terastation/dlna/vids/movies/High Fidelity (2000)/High Fidelity - Extra 01-extra.mkv
OK_UUSI	9	2026-08-23	/mnt/terastation/dlna/vids/movies/High Fidelity (2000)/High Fidelity - Extra 02-extra.mkv
OK_UUSI	9	2026-08-23	/mnt/terastation/dlna/vids/movies/High Fidelity (2000)/High Fidelity - Extra 03-extra.mkv
OK_UUSI	9	2026-08-23	/mnt/terastation/dlna/vids/movies/High Fidelity (2000)/High Fidelity - Extra 04-extra.mkv
OK_UUSI	9	2026-08-23	/mnt/terastation/dlna/vids/movies/High Fidelity (2000)/High Fidelity - Extra 05-extra.mkv
OK_UUSI	9	2026-08-23	/mnt/terastation/dlna/vids/movies/High Fidelity (2000)/High Fidelity - Extra 06-extra.mkv
OK_UUSI	9	2026-08-23	/mnt/terastation/dlna/vids/movies/High Fidelity (2000)/High Fidelity - Extra 07-extra.mkv
OK_UUSI	9	2026-08-23	/mnt/terastation/dlna/vids/movies/High Fidelity (2000)/High Fidelity - Extra 09-extra.mkv
OK_UUSI	9	2026-08-23	/mnt/terastation/dlna/vids/movies/High Fidelity (2000)/High Fidelity - Extra 11-extra.mkv
OK_UUSI	9	2026-08-23	/mnt/terastation/dlna/vids/movies/High Fidelity (2000)/High Fidelity - Extra 13-extra.mkv
OK_UUSI	9	2026-08-23	/mnt/terastation/dlna/vids/movies/High Fidelity (2000)/High Fidelity - Extra 14-extra.mkv
OK_UUSI	9	2026-08-23	/mnt/terastation/dlna/vids/movies/High Fidelity (2000)/High Fidelity - Extra 15-extra.mkv
OK_UUSI	9	2026-08-23	/mnt/terastation/dlna/vids/movies/High Fidelity (2000)/High Fidelity - Extra 16-extra.mkv
OK_UUSI	9	2026-08-23	/mnt/terastation/dlna/vids/movies/High Fidelity (2000)/High Fidelity - Extra 17-extra.mkv
OK_UUSI	9	2026-08-23	/mnt/terastation/dlna/vids/movies/High Fidelity (2000)/High Fidelity - Extra 18-extra.mkv
OK_UUSI	9	2026-08-23	/mnt/terastation/dlna/vids/movies/High Fidelity (2000)/High Fidelity - Extra 19-extra.mkv
OK_UUSI	9	2026-08-23	/mnt/terastation/dlna/vids/movies/High Fidelity (2000)/High Fidelity - Extra 21-extra.mkv
OK_UUSI	9	2026-08-23	/mnt/terastation/dlna/vids/movies/High Fidelity (2000)/High Fidelity - Extra 23-extra.mkv
OK_UUSI	9	2026-08-23	/mnt/terastation/dlna/vids/movies/High Fidelity (2000)/High Fidelity - Extra 25-extra.mkv
OK_UUSI	9	2026-08-23	/mnt/terastation/dlna/vids/movies/High Fidelity (2000)/High Fidelity - Extra 27-extra.mkv
OK_UUSI	9	2026-08-23	/mnt/terastation/dlna/vids/movies/High Fidelity (2000)/High Fidelity - Extra 29-extra.mkv
OK_UUSI	9	2026-08-23	/mnt/terastation/dlna/vids/movies/High Fidelity (2000)/High Fidelity.mkv
OK_UUSI	4	2026-08-23	/mnt/terastation/dlna/vids/movies/Howard The Duck (1986)/Howard The Duck - Extra 01-extra.mkv
OK_UUSI	4	2026-08-23	/mnt/terastation/dlna/vids/movies/Howard The Duck (1986)/Howard The Duck - Extra 03-extra.mkv
OK_UUSI	4	2026-08-23	/mnt/terastation/dlna/vids/movies/Howard The Duck (1986)/Howard The Duck - Extra 05-extra.mkv
OK_UUSI	4	2026-08-23	/mnt/terastation/dlna/vids/movies/Howard The Duck (1986)/Howard The Duck - Extra 07-extra.mkv
OK_UUSI	4	2026-08-23	/mnt/terastation/dlna/vids/movies/Howard The Duck (1986)/Howard The Duck - Extra 09-extra.mkv
OK_UUSI	4	2026-08-23	/mnt/terastation/dlna/vids/movies/Howard The Duck (1986)/Howard The Duck - Extra 11-extra.mkv
OK_UUSI	4	2026-08-23	/mnt/terastation/dlna/vids/movies/Howard The Duck (1986)/Howard The Duck - Extra 12-extra.mkv
OK_UUSI	4	2026-08-23	/mnt/terastation/dlna/vids/movies/Howard The Duck (1986)/Howard The Duck - Extra 13-extra.mkv
OK_UUSI	4	2026-08-23	/mnt/terastation/dlna/vids/movies/Howard The Duck (1986)/Howard The Duck - Extra 14-extra.mkv
OK_UUSI	4	2026-08-20	/mnt/terastation/dlna/vids/movies/Impostor (2001)/Impostor.mkv
EPAILTY	5	2026-08-19	/mnt/terastation/dlna/vids/movies/Infernal Affairs (2004)/Infernal Affairs - Part 01.mkv
EPAILTY	1	2026-08-19	/mnt/terastation/dlna/vids/movies/Infernal Affairs (2004)/Infernal Affairs - Part 02.mkv
OK_UUSI	4	2026-08-20	/mnt/terastation/dlna/vids/movies/Inside Deep Throat (2005)/Inside Deep Throat - Extra 01-extra.mkv
OK_UUSI	4	2026-08-20	/mnt/terastation/dlna/vids/movies/Inside Deep Throat (2005)/Inside Deep Throat.mkv
OK_UUSI	19	2026-08-23	/mnt/terastation/dlna/vids/movies/In the Mood for Love (2001)/In the Mood for Love.mkv
OK_UUSI	6	2026-08-23	/mnt/terastation/dlna/vids/movies/In the Mood for Love/In the Mood for Love - Extra 05-extra.mkv
OK_UUSI	14	2026-08-23	/mnt/terastation/dlna/vids/movies/In the Mood for Love/In the Mood for Love - Extra 10-extra.mkv
OK_UUSI	4	2026-08-21	/mnt/terastation/dlna/vids/movies/Jalla! Jalla! (2000)/Jalla! Jalla!.mkv
OK_UUSI	4	2026-08-21	/mnt/terastation/dlna/vids/movies/K-PAX (2001)/K-PAX - Extra 03-extra.mkv
OK_UUSI	4	2026-08-21	/mnt/terastation/dlna/vids/movies/K-PAX (2001)/K-PAX - Extra 04-extra.mkv
OK_UUSI	4	2026-08-21	/mnt/terastation/dlna/vids/movies/K-PAX (2001)/K-PAX - Extra 05-extra.mkv
OK_UUSI	4	2026-08-21	/mnt/terastation/dlna/vids/movies/K-PAX (2001)/K-PAX - Extra 06-extra.mkv
OK_UUSI	4	2026-08-21	/mnt/terastation/dlna/vids/movies/K-PAX (2001)/K-PAX - Extra 07-extra.mkv
OK_UUSI	4	2026-08-21	/mnt/terastation/dlna/vids/movies/K-PAX (2001)/K-PAX - Extra 08-extra.mkv
OK_UUSI	4	2026-08-21	/mnt/terastation/dlna/vids/movies/K-PAX (2001)/K-PAX - Extra 09-extra.mkv
OK_UUSI	4	2026-08-21	/mnt/terastation/dlna/vids/movies/K-PAX (2001)/K-PAX - Extra 10-extra.mkv
OK_UUSI	4	2026-08-21	/mnt/terastation/dlna/vids/movies/K-PAX (2001)/K-PAX - Extra 11-extra.mkv
OK_UUSI	4	2026-08-21	/mnt/terastation/dlna/vids/movies/K-PAX (2001)/K-PAX - Extra 12-extra.mkv
OK_UUSI	4	2026-08-21	/mnt/terastation/dlna/vids/movies/K-PAX (2001)/K-PAX - Extra 13-extra.mkv
OK_UUSI	4	2026-08-22	/mnt/terastation/dlna/vids/movies/K-PAX (2001)/K-PAX - Extra 14-extra.mkv
OK_UUSI	4	2026-08-22	/mnt/terastation/dlna/vids/movies/K-PAX (2001)/K-PAX - Extra 15-extra.mkv
OK_UUSI	4	2026-08-22	/mnt/terastation/dlna/vids/movies/K-PAX (2001)/K-PAX - Extra 16-extra.mkv
OK_UUSI	4	2026-08-22	/mnt/terastation/dlna/vids/movies/K-PAX (2001)/K-PAX - Extra 17-extra.mkv
OK_UUSI	4	2026-08-22	/mnt/terastation/dlna/vids/movies/K-PAX (2001)/K-PAX - Extra 18-extra.mkv
OK_UUSI	4	2026-08-22	/mnt/terastation/dlna/vids/movies/K-PAX (2001)/K-PAX - Extra 19-extra.mkv
OK_UUSI	4	2026-08-24	/mnt/terastation/dlna/vids/movies/K-PAX (2001)/K-PAX - Extra 20-extra.mkv
OK_UUSI	4	2026-08-24	/mnt/terastation/dlna/vids/movies/K-PAX (2001)/K-PAX - Extra 21-extra.mkv
OK_UUSI	18	2026-08-21	/mnt/terastation/dlna/vids/movies/K-PAX (2001)/K-PAX.mkv
OK_UUSI	4	2026-08-21	/mnt/terastation/dlna/vids/movies/Kummeli Kultakuume (1997)/Kummeli Kultakuume.mkv
OK_UUSI	5	2026-08-21	/mnt/terastation/dlna/vids/movies/Kundun (1997)/Kundun.mkv
OK_UUSI	9	2026-08-24	/mnt/terastation/dlna/vids/movies/Le concert (2009)/Le concert - Extra 01-extra.mkv
OK_UUSI	2	2026-08-24	/mnt/terastation/dlna/vids/movies/Le concert (2009)/Le concert - Extra 02-extra.mkv
OK_UUSI	2	2026-08-24	/mnt/terastation/dlna/vids/movies/Le concert (2009)/Le concert - Extra 04-extra.mkv
OK_UUSI	11	2026-08-23	/mnt/terastation/dlna/vids/movies/Midnight Cowboy (1969)/Midnight Cowboy - Extra 02-extra.mkv
OK_UUSI	11	2026-08-23	/mnt/terastation/dlna/vids/movies/Midnight Cowboy (1969)/Midnight Cowboy - Extra 04-extra.mkv
OK_UUSI	11	2026-08-23	/mnt/terastation/dlna/vids/movies/Midnight Cowboy (1969)/Midnight Cowboy - Extra 05-extra.mkv
EPAILTY	2	2026-08-19	/mnt/terastation/dlna/vids/movies/scifi/Lipton Cockton in the shadows of Sodoma (1995)/Lipton Cockton in the shadows of Sodoma - Part 01.mkv
EPAILTY	26	2026-08-19	/mnt/terastation/dlna/vids/movies/scifi/STAR TREK/STAR TREK Captain's Summit (2009)/STAR TREK Captain's Summit - Part 01.mkv
EPAILTY	26	2026-08-19	/mnt/terastation/dlna/vids/movies/scifi/STAR TREK/STAR TREK Captain's Summit (2009)/STAR TREK Captain's Summit - Part 02.mkv
EPAILTY	26	2026-08-19	/mnt/terastation/dlna/vids/movies/scifi/STAR TREK/STAR TREK Captain's Summit (2009)/STAR TREK Captain's Summit - Part 03.mkv
EPAILTY	26	2026-08-19	/mnt/terastation/dlna/vids/movies/scifi/STAR TREK/STAR TREK Captain's Summit (2009)/STAR TREK Captain's Summit - Part 04.mkv
EPAILTY	26	2026-08-19	/mnt/terastation/dlna/vids/movies/scifi/STAR TREK/STAR TREK Evolutions/STAR TREK Evolutions - Part 01.mkv
EPAILTY	26	2026-08-19	/mnt/terastation/dlna/vids/movies/scifi/STAR TREK/STAR TREK Evolutions/STAR TREK Evolutions - Part 02.mkv
EPAILTY	26	2026-08-19	/mnt/terastation/dlna/vids/movies/scifi/STAR TREK/STAR TREK Evolutions/STAR TREK Evolutions - Part 03.mkv
EPAILTY	26	2026-08-19	/mnt/terastation/dlna/vids/movies/scifi/STAR TREK/STAR TREK Evolutions/STAR TREK Evolutions - Part 04.mkv
EPAILTY	26	2026-08-19	/mnt/terastation/dlna/vids/movies/scifi/STAR TREK/STAR TREK Evolutions/STAR TREK Evolutions - Part 05.mkv
EPAILTY	26	2026-08-19	/mnt/terastation/dlna/vids/movies/scifi/STAR TREK/STAR TREK Evolutions/STAR TREK Evolutions - Part 06.mkv
EPAILTY	26	2026-08-19	/mnt/terastation/dlna/vids/movies/scifi/STAR TREK/STAR TREK Evolutions/STAR TREK Evolutions - Part 07.mkv
EPAILTY	26	2026-08-19	/mnt/terastation/dlna/vids/movies/scifi/STAR TREK/STAR TREK Evolutions/STAR TREK Evolutions - Part 08.mkv
EPAILTY	26	2026-08-19	/mnt/terastation/dlna/vids/movies/scifi/STAR TREK/STAR TREK Evolutions/STAR TREK Evolutions - Part 09.mkv
EPAILTY	26	2026-08-19	/mnt/terastation/dlna/vids/movies/scifi/STAR TREK/STAR TREK Evolutions/STAR TREK Evolutions - Part 10.mkv
EPAILTY	24	2026-08-19	/mnt/terastation/dlna/vids/movies/scifi/STAR TREK/STAR TREK First Contact (1996)/STAR TREK First Contact - Part 01.mkv
EPAILTY	16	2026-08-19	/mnt/terastation/dlna/vids/movies/scifi/STAR TREK/STAR TREK First Contact (1996)/STAR TREK First Contact - Part 02.mkv
EPAILTY	16	2026-08-19	/mnt/terastation/dlna/vids/movies/scifi/STAR TREK/STAR TREK First Contact (1996)/STAR TREK First Contact - Part 03.mkv
EPAILTY	16	2026-08-19	/mnt/terastation/dlna/vids/movies/scifi/STAR TREK/STAR TREK First Contact (1996)/STAR TREK First Contact - Part 04.mkv
EPAILTY	16	2026-08-19	/mnt/terastation/dlna/vids/movies/scifi/STAR TREK/STAR TREK First Contact (1996)/STAR TREK First Contact - Part 05.mkv
EPAILTY	16	2026-08-19	/mnt/terastation/dlna/vids/movies/scifi/STAR TREK/STAR TREK First Contact (1996)/STAR TREK First Contact - Part 06.mkv
EPAILTY	16	2026-08-19	/mnt/terastation/dlna/vids/movies/scifi/STAR TREK/STAR TREK First Contact (1996)/STAR TREK First Contact - Part 07.mkv
EPAILTY	28	2026-08-19	/mnt/terastation/dlna/vids/movies/scifi/STAR TREK/STAR TREK Generations (1994)/STAR TREK Generations - Part 01.mkv
EPAILTY	16	2026-08-19	/mnt/terastation/dlna/vids/movies/scifi/STAR TREK/STAR TREK Generations (1994)/STAR TREK Generations - Part 02.mkv
EPAILTY	16	2026-08-19	/mnt/terastation/dlna/vids/movies/scifi/STAR TREK/STAR TREK Generations (1994)/STAR TREK Generations - Part 03.mkv
EPAILTY	16	2026-08-19	/mnt/terastation/dlna/vids/movies/scifi/STAR TREK/STAR TREK Generations (1994)/STAR TREK Generations - Part 04.mkv
EPAILTY	16	2026-08-19	/mnt/terastation/dlna/vids/movies/scifi/STAR TREK/STAR TREK Generations (1994)/STAR TREK Generations - Part 05.mkv
EPAILTY	16	2026-08-19	/mnt/terastation/dlna/vids/movies/scifi/STAR TREK/STAR TREK Generations (1994)/STAR TREK Generations - Part 06.mkv
EPAILTY	16	2026-08-19	/mnt/terastation/dlna/vids/movies/scifi/STAR TREK/STAR TREK Generations (1994)/STAR TREK Generations - Part 07.mkv
EPAILTY	24	2026-08-19	/mnt/terastation/dlna/vids/movies/scifi/STAR TREK/STAR TREK Insurrection (1998)/STAR TREK Insurrection - Part 01.mkv
EPAILTY	16	2026-08-19	/mnt/terastation/dlna/vids/movies/scifi/STAR TREK/STAR TREK Insurrection (1998)/STAR TREK Insurrection - Part 02.mkv
EPAILTY	16	2026-08-19	/mnt/terastation/dlna/vids/movies/scifi/STAR TREK/STAR TREK Insurrection (1998)/STAR TREK Insurrection - Part 03.mkv
EPAILTY	16	2026-08-19	/mnt/terastation/dlna/vids/movies/scifi/STAR TREK/STAR TREK Insurrection (1998)/STAR TREK Insurrection - Part 04.mkv
EPAILTY	16	2026-08-19	/mnt/terastation/dlna/vids/movies/scifi/STAR TREK/STAR TREK Insurrection (1998)/STAR TREK Insurrection - Part 05.mkv
EPAILTY	16	2026-08-19	/mnt/terastation/dlna/vids/movies/scifi/STAR TREK/STAR TREK Insurrection (1998)/STAR TREK Insurrection - Part 06.mkv
EPAILTY	24	2026-08-19	/mnt/terastation/dlna/vids/movies/scifi/STAR TREK/STAR TREK Nemesis (2002)/STAR TREK Nemesis - Part 01.mkv
EPAILTY	16	2026-08-19	/mnt/terastation/dlna/vids/movies/scifi/STAR TREK/STAR TREK Nemesis (2002)/STAR TREK Nemesis - Part 02.mkv
EPAILTY	16	2026-08-19	/mnt/terastation/dlna/vids/movies/scifi/STAR TREK/STAR TREK Nemesis (2002)/STAR TREK Nemesis - Part 03.mkv
EPAILTY	16	2026-08-19	/mnt/terastation/dlna/vids/movies/scifi/STAR TREK/STAR TREK Nemesis (2002)/STAR TREK Nemesis - Part 04.mkv
EPAILTY	16	2026-08-19	/mnt/terastation/dlna/vids/movies/scifi/STAR TREK/STAR TREK Nemesis (2002)/STAR TREK Nemesis - Part 05.mkv
EPAILTY	16	2026-08-19	/mnt/terastation/dlna/vids/movies/scifi/STAR TREK/STAR TREK Nemesis (2002)/STAR TREK Nemesis - Part 06.mkv
EPAILTY	16	2026-08-19	/mnt/terastation/dlna/vids/movies/scifi/STAR TREK/STAR TREK Nemesis (2002)/STAR TREK Nemesis - Part 07.mkv
EPAILTY	30	2026-08-19	/mnt/terastation/dlna/vids/movies/scifi/STAR TREK/STAR TREK The Final Frontier (1989)/STAR TREK The Final Frontier - Part 01.mkv
EPAILTY	16	2026-08-19	/mnt/terastation/dlna/vids/movies/scifi/STAR TREK/STAR TREK The Final Frontier (1989)/STAR TREK The Final Frontier - Part 02.mkv
EPAILTY	8	2026-08-19	/mnt/terastation/dlna/vids/movies/scifi/STAR TREK/STAR TREK The Final Frontier (1989)/STAR TREK The Final Frontier - Part 03.mkv
EPAILTY	16	2026-08-19	/mnt/terastation/dlna/vids/movies/scifi/STAR TREK/STAR TREK The Final Frontier (1989)/STAR TREK The Final Frontier - Part 04.mkv
EPAILTY	30	2026-08-19	/mnt/terastation/dlna/vids/movies/scifi/STAR TREK/STAR TREK The Motion Picture (1979)/STAR TREK The Motion Picture - Part 01.mkv
EPAILTY	16	2026-08-19	/mnt/terastation/dlna/vids/movies/scifi/STAR TREK/STAR TREK The Motion Picture (1979)/STAR TREK The Motion Picture - Part 02.mkv
EPAILTY	16	2026-08-19	/mnt/terastation/dlna/vids/movies/scifi/STAR TREK/STAR TREK The Motion Picture (1979)/STAR TREK The Motion Picture - Part 03.mkv
EPAILTY	16	2026-08-19	/mnt/terastation/dlna/vids/movies/scifi/STAR TREK/STAR TREK The Motion Picture (1979)/STAR TREK The Motion Picture - Part 04.mkv
EPAILTY	30	2026-08-19	/mnt/terastation/dlna/vids/movies/scifi/STAR TREK/STAR TREK The Search for Spock (1984)/STAR TREK The Search for Spock - Part 01.mkv
EPAILTY	16	2026-08-19	/mnt/terastation/dlna/vids/movies/scifi/STAR TREK/STAR TREK The Search for Spock (1984)/STAR TREK The Search for Spock - Part 02.mkv
EPAILTY	16	2026-08-19	/mnt/terastation/dlna/vids/movies/scifi/STAR TREK/STAR TREK The Search for Spock (1984)/STAR TREK The Search for Spock - Part 03.mkv
EPAILTY	16	2026-08-19	/mnt/terastation/dlna/vids/movies/scifi/STAR TREK/STAR TREK The Search for Spock (1984)/STAR TREK The Search for Spock - Part 04.mkv
EPAILTY	16	2026-08-19	/mnt/terastation/dlna/vids/movies/scifi/STAR TREK/STAR TREK The Search for Spock (1984)/STAR TREK The Search for Spock - Part 05.mkv
EPAILTY	30	2026-08-19	/mnt/terastation/dlna/vids/movies/scifi/STAR TREK/STAR TREK The Undiscovered Country (1991)/STAR TREK The Undiscovered Country - Part 01.mkv
EPAILTY	16	2026-08-19	/mnt/terastation/dlna/vids/movies/scifi/STAR TREK/STAR TREK The Undiscovered Country (1991)/STAR TREK The Undiscovered Country - Part 02.mkv
EPAILTY	16	2026-08-19	/mnt/terastation/dlna/vids/movies/scifi/STAR TREK/STAR TREK The Undiscovered Country (1991)/STAR TREK The Undiscovered Country - Part 03.mkv
EPAILTY	16	2026-08-19	/mnt/terastation/dlna/vids/movies/scifi/STAR TREK/STAR TREK The Undiscovered Country (1991)/STAR TREK The Undiscovered Country - Part 04.mkv
EPAILTY	28	2026-08-19	/mnt/terastation/dlna/vids/movies/scifi/STAR TREK/STAR TREK The Voyage Home (1986)/STAR TREK The Voyage Home - Part 01.mkv
EPAILTY	16	2026-08-19	/mnt/terastation/dlna/vids/movies/scifi/STAR TREK/STAR TREK The Voyage Home (1986)/STAR TREK The Voyage Home - Part 02.mkv
EPAILTY	16	2026-08-19	/mnt/terastation/dlna/vids/movies/scifi/STAR TREK/STAR TREK The Voyage Home (1986)/STAR TREK The Voyage Home - Part 03.mkv
EPAILTY	16	2026-08-19	/mnt/terastation/dlna/vids/movies/scifi/STAR TREK/STAR TREK The Voyage Home (1986)/STAR TREK The Voyage Home - Part 04.mkv
EPAILTY	16	2026-08-19	/mnt/terastation/dlna/vids/movies/scifi/STAR TREK/STAR TREK The Voyage Home (1986)/STAR TREK The Voyage Home - Part 05.mkv
EPAILTY	28	2026-08-19	/mnt/terastation/dlna/vids/movies/scifi/STAR TREK/STAR TREK The Wrath of Khan (1982)/STAR TREK The Wrath of Khan - Part 01.mkv
EPAILTY	16	2026-08-19	/mnt/terastation/dlna/vids/movies/scifi/STAR TREK/STAR TREK The Wrath of Khan (1982)/STAR TREK The Wrath of Khan - Part 02.mkv
EPAILTY	16	2026-08-19	/mnt/terastation/dlna/vids/movies/scifi/STAR TREK/STAR TREK The Wrath of Khan (1982)/STAR TREK The Wrath of Khan - Part 03.mkv
EPAILTY	16	2026-08-19	/mnt/terastation/dlna/vids/movies/scifi/STAR TREK/STAR TREK The Wrath of Khan (1982)/STAR TREK The Wrath of Khan - Part 04.mkv
EPAILTY	5	2026-08-19	/mnt/terastation/dlna/vids/movies/scifi/Stranded (2001)/Stranded.mkv
EPAILTY	1	2026-08-19	/mnt/terastation/dlna/vids/movies/scifi/Tetsuo (1989)/Tetsuo - Part 04.mkv
EPAILTY	1	2026-08-19	/mnt/terastation/dlna/vids/movies/scifi/Tetsuo (1989)/Tetsuo - Part 05.mkv
EPAILTY	1	2026-08-19	/mnt/terastation/dlna/vids/movies/scifi/Tetsuo (1989)/Tetsuo - Part 06.mkv
EPAILTY	1	2026-08-19	/mnt/terastation/dlna/vids/movies/scifi/Tetsuo II (1992)/Tetsuo II - Part 04.mkv
EPAILTY	1	2026-08-19	/mnt/terastation/dlna/vids/movies/scifi/Tetsuo II (1992)/Tetsuo II - Part 05.mkv
EPAILTY	1	2026-08-19	/mnt/terastation/dlna/vids/movies/scifi/Tetsuo II (1992)/Tetsuo II - Part 06.mkv
OK_UUSI	4	2026-08-23	/mnt/terastation/dlna/vids/movies/Small Time Crooks (2000)/Small Time Crooks.mkv
OK_UUSI	5	2026-08-24	/mnt/terastation/dlna/vids/movies/Spaceballs (1987)/Spaceballs - Extra 02-extra.mkv
OK_UUSI	10	2026-08-24	/mnt/terastation/dlna/vids/movies/Spaceballs (1987)/Spaceballs - Extra 08-extra.mkv
OK_UUSI	10	2026-08-24	/mnt/terastation/dlna/vids/movies/Spaceballs (1987)/Spaceballs - Extra 11-extra.mkv
OK_UUSI	29	2026-08-24	/mnt/terastation/dlna/vids/movies/Spaceballs (1987)/Spaceballs.mkv
EPAILTY	4	2026-08-19	/mnt/terastation/dlna/vids/movies/The Astronaut Farmer (2006)/The Astronaut Farmer - Part 01.mkv
EPAILTY	4	2026-08-19	/mnt/terastation/dlna/vids/movies/The Astronaut's Wife (1999)/The Astronaut's Wife - Part 03.mkv
OK_UUSI	3	2026-08-22	/mnt/terastation/dlna/vids/movies/The Baader Meinhof Complex (2008)/The Baader Meinhof Complex - Extra 01-extra.mkv
OK_UUSI	3	2026-08-22	/mnt/terastation/dlna/vids/movies/The Baader Meinhof Complex (2008)/The Baader Meinhof Complex - Extra 03-extra.mkv
OK_UUSI	3	2026-08-22	/mnt/terastation/dlna/vids/movies/The Baader Meinhof Complex (2008)/The Baader Meinhof Complex - Extra 04-extra.mkv
OK_UUSI	3	2026-08-22	/mnt/terastation/dlna/vids/movies/The Baader Meinhof Complex (2008)/The Baader Meinhof Complex - Extra 05-extra.mkv
OK_UUSI	3	2026-08-22	/mnt/terastation/dlna/vids/movies/The Baader Meinhof Complex (2008)/The Baader Meinhof Complex - Extra 06-extra.mkv
OK_UUSI	3	2026-08-22	/mnt/terastation/dlna/vids/movies/The Baader Meinhof Complex (2008)/The Baader Meinhof Complex - Extra 07-extra.mkv
OK_UUSI	3	2026-08-24	/mnt/terastation/dlna/vids/movies/The Baader Meinhof Complex (2008)/The Baader Meinhof Complex - Extra 08-extra.mkv
OK_UUSI	3	2026-08-24	/mnt/terastation/dlna/vids/movies/The Baader Meinhof Complex (2008)/The Baader Meinhof Complex - Extra 10-extra.mkv
OK_UUSI	3	2026-08-19	/mnt/terastation/dlna/vids/movies/The Blues Brothers (1980)/The Blues Brothers - Extra 01-extra.mkv
OK_UUSI	3	2026-08-23	/mnt/terastation/dlna/vids/movies/The Blues Brothers (1980)/The Blues Brothers - Extra 03-extra.mkv
OK_UUSI	3	2026-08-23	/mnt/terastation/dlna/vids/movies/The Blues Brothers (1980)/The Blues Brothers - Extra 04-extra.mkv
OK_UUSI	18	2026-08-19	/mnt/terastation/dlna/vids/movies/The Blues Brothers (1980)/The Blues Brothers.mkv
EPAILTY	8	2026-08-19	/mnt/terastation/dlna/vids/movies/The Caveman's Valentine (2001)/The Caveman's Valentine.mkv
OK_UUSI	3	2026-08-24	/mnt/terastation/dlna/vids/movies/The Christmas Party (1996)/The Christmas Party.mkv
EPAILTY	9	2026-08-19	/mnt/terastation/dlna/vids/movies/The Darjeeling Limited (2007)/The Darjeeling Limited - Part 01.mkv
EPAILTY	9	2026-08-19	/mnt/terastation/dlna/vids/movies/The Darjeeling Limited (2007)/The Darjeeling Limited - Part 02.mkv
EPAILTY	8	2026-08-19	/mnt/terastation/dlna/vids/movies/The Darjeeling Limited (2007)/The Darjeeling Limited - Part 03.mkv
EPAILTY	8	2026-08-19	/mnt/terastation/dlna/vids/movies/The Darjeeling Limited (2007)/The Darjeeling Limited - Part 04.mkv
EPAILTY	8	2026-08-19	/mnt/terastation/dlna/vids/movies/The Darjeeling Limited (2007)/The Darjeeling Limited - Part 05.mkv
EPAILTY	8	2026-08-19	/mnt/terastation/dlna/vids/movies/The Dead Zone (1983)/The Dead Zone - Part 01.mkv
EPAILTY	8	2026-08-19	/mnt/terastation/dlna/vids/movies/The Departed (2006)/The Departed - Extra 03-extra.mkv
EPAILTY	10	2026-08-19	/mnt/terastation/dlna/vids/movies/The Departed (2006)/The Departed.mkv
OK_UUSI	5	2026-08-23	/mnt/terastation/dlna/vids/movies/The Final Cut (2004)/The Final Cut - Extra 01-extra.mkv
OK_UUSI	5	2026-08-23	/mnt/terastation/dlna/vids/movies/The Final Cut (2004)/The Final Cut - Extra 02-extra.mkv
OK_UUSI	5	2026-08-23	/mnt/terastation/dlna/vids/movies/The Final Cut (2004)/The Final Cut - Extra 04-extra.mkv
OK_UUSI	5	2026-08-23	/mnt/terastation/dlna/vids/movies/The Final Cut (2004)/The Final Cut - Extra 05-extra.mkv
OK_UUSI	5	2026-08-23	/mnt/terastation/dlna/vids/movies/The Final Cut (2004)/The Final Cut - Extra 07-extra.mkv
OK_UUSI	5	2026-08-23	/mnt/terastation/dlna/vids/movies/The Final Cut (2004)/The Final Cut - Extra 08-extra.mkv
OK_UUSI	5	2026-08-23	/mnt/terastation/dlna/vids/movies/The Final Cut (2004)/The Final Cut - Extra 10-extra.mkv
OK_UUSI	10	2026-08-23	/mnt/terastation/dlna/vids/movies/The Final Cut (2004)/The Final Cut.mkv
OK_UUSI	2	2026-08-20	/mnt/terastation/dlna/vids/movies/The Harder They Come (1972)/The Harder They Come - Extra 02-extra.mkv
OK_UUSI	2	2026-08-20	/mnt/terastation/dlna/vids/movies/The Harder They Come (1972)/The Harder They Come - Extra 04-extra.mkv
OK_UUSI	2	2026-08-20	/mnt/terastation/dlna/vids/movies/The Harder They Come (1972)/The Harder They Come - Extra 06-extra.mkv
OK_UUSI	2	2026-08-20	/mnt/terastation/dlna/vids/movies/The Harder They Come (1972)/The Harder They Come - Extra 07-extra.mkv
OK_UUSI	2	2026-08-20	/mnt/terastation/dlna/vids/movies/The Harder They Come (1972)/The Harder They Come - Extra 09-extra.mkv
OK_UUSI	2	2026-08-20	/mnt/terastation/dlna/vids/movies/The Harder They Come (1972)/The Harder They Come - Extra 10-extra.mkv
OK_UUSI	2	2026-08-20	/mnt/terastation/dlna/vids/movies/The Harder They Come (1972)/The Harder They Come - Extra 11-extra.mkv
OK_UUSI	2	2026-08-20	/mnt/terastation/dlna/vids/movies/The Harder They Come (1972)/The Harder They Come - Extra 12-extra.mkv
OK_UUSI	2	2026-08-20	/mnt/terastation/dlna/vids/movies/The Harder They Come (1972)/The Harder They Come - Extra 13-extra.mkv
OK_UUSI	2	2026-08-20	/mnt/terastation/dlna/vids/movies/The Harder They Come (1972)/The Harder They Come - Extra 14-extra.mkv
OK_UUSI	2	2026-08-20	/mnt/terastation/dlna/vids/movies/The Harder They Come (1972)/The Harder They Come - Extra 15-extra.mkv
OK_UUSI	2	2026-08-20	/mnt/terastation/dlna/vids/movies/The Harder They Come (1972)/The Harder They Come - Extra 16-extra.mkv
OK_UUSI	2	2026-08-20	/mnt/terastation/dlna/vids/movies/The Harder They Come (1972)/The Harder They Come - Extra 17-extra.mkv
OK_UUSI	2	2026-08-20	/mnt/terastation/dlna/vids/movies/The Harder They Come (1972)/The Harder They Come - Extra 19-extra.mkv
OK_UUSI	2	2026-08-20	/mnt/terastation/dlna/vids/movies/The Harder They Come (1972)/The Harder They Come - Extra 20-extra.mkv
OK_UUSI	2	2026-08-20	/mnt/terastation/dlna/vids/movies/The Harder They Come (1972)/The Harder They Come - Extra 21-extra.mkv
OK_UUSI	2	2026-08-20	/mnt/terastation/dlna/vids/movies/The Harder They Come (1972)/The Harder They Come - Extra 22-extra.mkv
OK_UUSI	2	2026-08-20	/mnt/terastation/dlna/vids/movies/The Harder They Come (1972)/The Harder They Come - Extra 23-extra.mkv
OK_UUSI	2	2026-08-20	/mnt/terastation/dlna/vids/movies/The Harder They Come (1972)/The Harder They Come - Extra 24-extra.mkv
OK_UUSI	2	2026-08-20	/mnt/terastation/dlna/vids/movies/The Harder They Come (1972)/The Harder They Come - Extra 25-extra.mkv
OK_UUSI	2	2026-08-20	/mnt/terastation/dlna/vids/movies/The Harder They Come (1972)/The Harder They Come - Extra 26-extra.mkv
OK_UUSI	2	2026-08-20	/mnt/terastation/dlna/vids/movies/The Harder They Come (1972)/The Harder They Come - Extra 28-extra.mkv
OK_UUSI	2	2026-08-20	/mnt/terastation/dlna/vids/movies/The Harder They Come (1972)/The Harder They Come - Extra 29-extra.mkv
OK_UUSI	2	2026-08-20	/mnt/terastation/dlna/vids/movies/The Harder They Come (1972)/The Harder They Come - Extra 30-extra.mkv
OK_UUSI	2	2026-08-20	/mnt/terastation/dlna/vids/movies/The Harder They Come (1972)/The Harder They Come - Extra 31-extra.mkv
OK_UUSI	2	2026-08-20	/mnt/terastation/dlna/vids/movies/The Harder They Come (1972)/The Harder They Come - Extra 32-extra.mkv
OK_UUSI	2	2026-08-20	/mnt/terastation/dlna/vids/movies/The Harder They Come (1972)/The Harder They Come - Extra 33-extra.mkv
OK_UUSI	2	2026-08-23	/mnt/terastation/dlna/vids/movies/The Harder They Come (1972)/The Harder They Come - Extra 34-extra.mkv
OK_UUSI	2	2026-08-23	/mnt/terastation/dlna/vids/movies/The Harder They Come (1972)/The Harder They Come - Extra 35-extra.mkv
OK_UUSI	2	2026-08-23	/mnt/terastation/dlna/vids/movies/The Harder They Come (1972)/The Harder They Come - Extra 36-extra.mkv
OK_UUSI	2	2026-08-23	/mnt/terastation/dlna/vids/movies/The Harder They Come (1972)/The Harder They Come - Extra 37-extra.mkv
OK_UUSI	2	2026-08-23	/mnt/terastation/dlna/vids/movies/The Harder They Come (1972)/The Harder They Come - Extra 38-extra.mkv
OK_UUSI	2	2026-08-23	/mnt/terastation/dlna/vids/movies/The Harder They Come (1972)/The Harder They Come - Extra 39-extra.mkv
OK_UUSI	2	2026-08-23	/mnt/terastation/dlna/vids/movies/The Harder They Come (1972)/The Harder They Come - Extra 40-extra.mkv
OK_UUSI	2	2026-08-23	/mnt/terastation/dlna/vids/movies/The Harder They Come (1972)/The Harder They Come - Extra 41-extra.mkv
OK_UUSI	2	2026-08-23	/mnt/terastation/dlna/vids/movies/The Harder They Come (1972)/The Harder They Come - Extra 42-extra.mkv
OK_UUSI	2	2026-08-23	/mnt/terastation/dlna/vids/movies/The Harder They Come (1972)/The Harder They Come - Extra 43-extra.mkv
OK_UUSI	2	2026-08-23	/mnt/terastation/dlna/vids/movies/The Harder They Come (1972)/The Harder They Come - Extra 44-extra.mkv
OK_UUSI	2	2026-08-23	/mnt/terastation/dlna/vids/movies/The Harder They Come (1972)/The Harder They Come - Extra 45-extra.mkv
OK_UUSI	2	2026-08-23	/mnt/terastation/dlna/vids/movies/The Harder They Come (1972)/The Harder They Come - Extra 46-extra.mkv
OK_UUSI	2	2026-08-23	/mnt/terastation/dlna/vids/movies/The Harder They Come (1972)/The Harder They Come - Extra 47-extra.mkv
OK_UUSI	2	2026-08-23	/mnt/terastation/dlna/vids/movies/The Harder They Come (1972)/The Harder They Come - Extra 48-extra.mkv
OK_UUSI	4	2026-08-20	/mnt/terastation/dlna/vids/movies/The Harder They Come (1972)/The Harder They Come.mkv
OK_UUSI	4	2026-08-24	/mnt/terastation/dlna/vids/movies/The Ice Harvest (2005)/The Ice Harvest - Extra 01-extra.mkv
OK_UUSI	4	2026-08-24	/mnt/terastation/dlna/vids/movies/The Ice Harvest (2005)/The Ice Harvest - Extra 08-extra.mkv
OK_UUSI	4	2026-08-24	/mnt/terastation/dlna/vids/movies/The Ice Harvest (2005)/The Ice Harvest.mkv
OK_UUSI	15	2026-08-21	/mnt/terastation/dlna/vids/movies/The Italian Job (1969)/The Italian Job - Extra 01-extra.mkv
OK_UUSI	15	2026-08-21	/mnt/terastation/dlna/vids/movies/The Italian Job (1969)/The Italian Job - Extra 02-extra.mkv
OK_UUSI	15	2026-08-21	/mnt/terastation/dlna/vids/movies/The Italian Job (1969)/The Italian Job - Extra 04-extra.mkv
OK_UUSI	15	2026-08-21	/mnt/terastation/dlna/vids/movies/The Italian Job (1969)/The Italian Job - Extra 08-extra.mkv
OK_UUSI	15	2026-08-21	/mnt/terastation/dlna/vids/movies/The Italian Job (1969)/The Italian Job - Extra 09-extra.mkv
OK_UUSI	15	2026-08-21	/mnt/terastation/dlna/vids/movies/The Italian Job (1969)/The Italian Job - Extra 10-extra.mkv
OK_UUSI	15	2026-08-21	/mnt/terastation/dlna/vids/movies/The Italian Job (1969)/The Italian Job - Extra 11-extra.mkv
OK_UUSI	15	2026-08-21	/mnt/terastation/dlna/vids/movies/The Italian Job (1969)/The Italian Job - Extra 13-extra.mkv
OK_UUSI	15	2026-08-21	/mnt/terastation/dlna/vids/movies/The Italian Job (1969)/The Italian Job - Extra 14-extra.mkv
OK_UUSI	15	2026-08-21	/mnt/terastation/dlna/vids/movies/The Italian Job (1969)/The Italian Job - Extra 16-extra.mkv
OK_UUSI	15	2026-08-21	/mnt/terastation/dlna/vids/movies/The Italian Job (1969)/The Italian Job - Extra 17-extra.mkv
OK_UUSI	15	2026-08-21	/mnt/terastation/dlna/vids/movies/The Italian Job (1969)/The Italian Job - Extra 20-extra.mkv
OK_UUSI	15	2026-08-22	/mnt/terastation/dlna/vids/movies/The Italian Job (1969)/The Italian Job - Extra 21-extra.mkv
OK_UUSI	15	2026-08-22	/mnt/terastation/dlna/vids/movies/The Italian Job (1969)/The Italian Job - Extra 24-extra.mkv
OK_UUSI	15	2026-08-22	/mnt/terastation/dlna/vids/movies/The Italian Job (1969)/The Italian Job - Extra 25-extra.mkv
OK_UUSI	15	2026-08-22	/mnt/terastation/dlna/vids/movies/The Italian Job (1969)/The Italian Job - Extra 28-extra.mkv
OK_UUSI	15	2026-08-22	/mnt/terastation/dlna/vids/movies/The Italian Job (1969)/The Italian Job - Extra 29-extra.mkv
OK_UUSI	15	2026-08-22	/mnt/terastation/dlna/vids/movies/The Italian Job (1969)/The Italian Job - Extra 32-extra.mkv
OK_UUSI	15	2026-08-24	/mnt/terastation/dlna/vids/movies/The Italian Job (1969)/The Italian Job - Extra 33-extra.mkv
OK_UUSI	15	2026-08-24	/mnt/terastation/dlna/vids/movies/The Italian Job (1969)/The Italian Job - Extra 36-extra.mkv
OK_UUSI	19	2026-08-21	/mnt/terastation/dlna/vids/movies/The Italian Job (1969)/The Italian Job.mkv
EPAILTY	3	2026-08-19	/mnt/terastation/dlna/vids/movies/Toisen kerroksen lauluja (2000)/Toisen kerroksen lauluja - Part 01.mkv
EPAILTY	7	2026-08-19	/mnt/terastation/dlna/vids/movies/Toisen kerroksen lauluja (2000)/Toisen kerroksen lauluja - Part 02.mkv
OK_UUSI	1	2026-08-19	/mnt/terastation/dlna/vids/music/Curtis Mayfield - Live at Ronnie Scott's/Curtis Mayfield - Live at Ronnie Scott's - Part 02.mkv
OK_UUSI	5	2026-08-19	/mnt/terastation/dlna/vids/music/Erkki Kurenniemi - Aika ja aine/Erkki Kurenniemi - Aika ja aine - Part 01.mkv
OK_UUSI	6	2026-08-19	/mnt/terastation/dlna/vids/music/Erkki Kurenniemi - Aika ja aine/Erkki Kurenniemi - Aika ja aine - Part 02.mkv
OK_UUSI	6	2026-08-19	/mnt/terastation/dlna/vids/music/Erkki Kurenniemi - Aika ja aine/Erkki Kurenniemi - Aika ja aine - Part 03.mkv
EPAILTY	1	2026-08-19	/mnt/terastation/dlna/vids/music/Led Zeppelin/Led Zeppelin - Immigrant Song 1972/Led Zeppelin - Immigrant Song 1972 - Part 01.mkv
EPAILTY	10	2026-08-19	/mnt/terastation/dlna/vids/music/Led Zeppelin/Led Zeppelin - Immigrant Song 1972/Led Zeppelin - Immigrant Song 1972 - Part 04.mkv
EPAILTY	10	2026-08-19	/mnt/terastation/dlna/vids/music/Led Zeppelin/Led Zeppelin - Immigrant Song 1972/Led Zeppelin - Immigrant Song 1972 - Part 05.mkv
EPAILTY	10	2026-08-19	/mnt/terastation/dlna/vids/music/Led Zeppelin/Led Zeppelin - Immigrant Song 1972/Led Zeppelin - Immigrant Song 1972 - Part 14.mkv
EPAILTY	1	2026-08-19	/mnt/terastation/dlna/vids/music/Led Zeppelin/Led Zeppelin - Live at The Royal ALbert Hall 1970/Led Zeppelin - Live at The Royal ALbert Hall 1970 - Part 04.mkv
EPAILTY	4	2026-08-19	/mnt/terastation/dlna/vids/music/Patty Smith - Dream of Life/Patty Smith - Dream of Life - Part 01.mkv
EPAILTY	4	2026-08-19	/mnt/terastation/dlna/vids/music/Patty Smith - Dream of Life/Patty Smith - Dream of Life - Part 02.mkv
EPAILTY	4	2026-08-19	/mnt/terastation/dlna/vids/music/Patty Smith - Dream of Life/Patty Smith - Dream of Life - Part 03.mkv
EPAILTY	4	2026-08-19	/mnt/terastation/dlna/vids/music/Patty Smith - Dream of Life/Patty Smith - Dream of Life - Part 04.mkv
OK_UUSI	6	2026-08-19	/mnt/terastation/dlna/vids/music/Pretenders Loose in L.A. - Live at Wiltern Theatre February 2003/Pretenders Loose in L.A. - Live at Wiltern Theatre February 2003 - Part 04.mkv
OK_UUSI	5	2026-08-22	/mnt/terastation/dlna/vids/music/Rolling Stones - Rock and Roll Circus/Rolling Stones - Rock and Roll Circus - Extra 02-extra.mkv
OK_UUSI	1	2026-08-22	/mnt/terastation/dlna/vids/music/Rolling Stones - Rock and Roll Circus/Rolling Stones - Rock and Roll Circus - Extra 04-extra.mkv
OK_UUSI	1	2026-08-22	/mnt/terastation/dlna/vids/music/Rolling Stones - Rock and Roll Circus/Rolling Stones - Rock and Roll Circus - Extra 05-extra.mkv
OK_UUSI	5	2026-08-23	/mnt/terastation/dlna/vids/music/Rolling Stones - Rock and Roll Circus/Rolling Stones - Rock and Roll Circus - Extra 06-extra.mkv
OK_UUSI	1	2026-08-22	/mnt/terastation/dlna/vids/music/Rolling Stones - Rock and Roll Circus/Rolling Stones - Rock and Roll Circus - Extra 07-extra.mkv
OK_UUSI	1	2026-08-23	/mnt/terastation/dlna/vids/music/Rolling Stones - Rock and Roll Circus/Rolling Stones - Rock and Roll Circus - Extra 08-extra.mkv
OK_UUSI	1	2026-08-23	/mnt/terastation/dlna/vids/music/Rolling Stones - Rock and Roll Circus/Rolling Stones - Rock and Roll Circus - Extra 10-extra.mkv
OK_UUSI	1	2026-08-23	/mnt/terastation/dlna/vids/music/Rolling Stones - Rock and Roll Circus/Rolling Stones - Rock and Roll Circus - Extra 12-extra.mkv
OK_UUSI	15	2026-08-22	/mnt/terastation/dlna/vids/music/Rolling Stones - Rock and Roll Circus/Rolling Stones - Rock and Roll Circus.mkv
EPAILTY	9	2026-08-19	/mnt/terastation/dlna/vids/music/The Band - The Last Waltz (Collector's Edition)/The Band - The Last Waltz (Collector's Edition) - Part 01.mkv
EPAILTY	6	2026-08-19	/mnt/terastation/dlna/vids/music/The Band - The Last Waltz (Collector's Edition)/The Band - The Last Waltz (Collector's Edition) - Part 02.mkv
EPAILTY	5	2026-08-19	/mnt/terastation/dlna/vids/music/The Band - The Last Waltz (Collector's Edition)/The Band - The Last Waltz (Collector's Edition) - Part 03.mkv
EPAILTY	1	2026-08-19	/mnt/terastation/dlna/vids/music/The Band - The Last Waltz (Collector's Edition)/The Band - The Last Waltz (Collector's Edition) - Part 05.mkv
EPAILTY	1	2026-08-19	/mnt/terastation/dlna/vids/music/The Band - The Last Waltz (Collector's Edition)/The Band - The Last Waltz (Collector's Edition) - Part 06.mkv
EPAILTY	1	2026-07-24	/mnt/terastation/dlna/vids/music/Weird Al Yankovic - The Ultimate Video Collection/Weird Al Yankovic - The Ultimate Video Collection - Part 01.mkv
EPAILTY	1	2026-07-24	/mnt/terastation/dlna/vids/music/Weird Al Yankovic - The Ultimate Video Collection/Weird Al Yankovic - The Ultimate Video Collection - Part 02.mkv
EPAILTY	1	2026-07-24	/mnt/terastation/dlna/vids/music/Weird Al Yankovic - The Ultimate Video Collection/Weird Al Yankovic - The Ultimate Video Collection - Part 03.mkv
OK_UUSI	4	2026-08-22	/mnt/terastation/dlna/vids/series/Carlos/Season 01/Carlos S01E01.mkv
OK_UUSI	1	2026-08-22	/mnt/terastation/dlna/vids/series/Carlos/Season 01/Carlos S01E02.mkv
OK_UUSI	4	2026-08-22	/mnt/terastation/dlna/vids/series/Carlos/Season 01/Carlos S01E10.mkv
OK_UUSI	4	2026-08-22	/mnt/terastation/dlna/vids/series/Carlos/Season 01/Carlos S01E11.mkv
EPAILTY	4	2026-08-19	/mnt/terastation/dlna/vids/series/Dempsey and Makepeace/Season 01/Dempsey and Makepeace S01E01.mkv
EPAILTY	4	2026-08-19	/mnt/terastation/dlna/vids/series/Dempsey and Makepeace/Season 01/Dempsey and Makepeace S01E02.mkv
EPAILTY	4	2026-08-19	/mnt/terastation/dlna/vids/series/Dempsey and Makepeace/Season 01/Dempsey and Makepeace S01E03.mkv
EPAILTY	4	2026-08-19	/mnt/terastation/dlna/vids/series/Dempsey and Makepeace/Season 01/Dempsey and Makepeace S01E04.mkv
EPAILTY	4	2026-08-19	/mnt/terastation/dlna/vids/series/Dempsey and Makepeace/Season 01/Dempsey and Makepeace S01E05.mkv
EPAILTY	4	2026-08-19	/mnt/terastation/dlna/vids/series/Dempsey and Makepeace/Season 01/Dempsey and Makepeace S01E06.mkv
EPAILTY	4	2026-08-19	/mnt/terastation/dlna/vids/series/Dempsey and Makepeace/Season 01/Dempsey and Makepeace S01E07.mkv
EPAILTY	4	2026-08-19	/mnt/terastation/dlna/vids/series/Dempsey and Makepeace/Season 01/Dempsey and Makepeace S01E08.mkv
EPAILTY	4	2026-08-19	/mnt/terastation/dlna/vids/series/Dempsey and Makepeace/Season 01/Dempsey and Makepeace S01E09.mkv
EPAILTY	4	2026-08-19	/mnt/terastation/dlna/vids/series/Dempsey and Makepeace/Season 01/Dempsey and Makepeace S01E10.mkv
EPAILTY	11	2026-08-19	/mnt/terastation/dlna/vids/series/Futurama/Season 01/Futurama S01E01.mkv
EPAILTY	11	2026-08-19	/mnt/terastation/dlna/vids/series/Futurama/Season 01/Futurama S01E02.mkv
EPAILTY	11	2026-08-19	/mnt/terastation/dlna/vids/series/Futurama/Season 01/Futurama S01E03.mkv
EPAILTY	11	2026-08-19	/mnt/terastation/dlna/vids/series/Futurama/Season 01/Futurama S01E04.mkv
EPAILTY	2	2026-08-19	/mnt/terastation/dlna/vids/series/Futurama/Season 01/Futurama S01E05.mkv
EPAILTY	11	2026-08-19	/mnt/terastation/dlna/vids/series/Futurama/Season 01/Futurama S01E06.mkv
EPAILTY	11	2026-07-28	/mnt/terastation/dlna/vids/series/Futurama/Season 01/Futurama S01E07.mkv
EPAILTY	11	2026-08-19	/mnt/terastation/dlna/vids/series/Futurama/Season 01/Futurama S01E08.mkv
EPAILTY	11	2026-08-19	/mnt/terastation/dlna/vids/series/Futurama/Season 01/Futurama S01E09.mkv
EPAILTY	11	2026-08-19	/mnt/terastation/dlna/vids/series/Futurama/Season 01/Futurama S01E10.mkv
EPAILTY	11	2026-08-19	/mnt/terastation/dlna/vids/series/Futurama/Season 01/Futurama S01E11.mkv
EPAILTY	11	2026-08-19	/mnt/terastation/dlna/vids/series/Futurama/Season 01/Futurama S01E12.mkv
EPAILTY	11	2026-08-19	/mnt/terastation/dlna/vids/series/Futurama/Season 01/Futurama S01E13.mkv
EPAILTY	11	2026-08-19	/mnt/terastation/dlna/vids/series/Futurama/Season 01/Futurama S01E14.mkv
EPAILTY	2	2026-08-19	/mnt/terastation/dlna/vids/series/Futurama/Season 01/Futurama S01 Extra 01-extra.mkv
EPAILTY	1	2026-07-28	/mnt/terastation/dlna/vids/series/Futurama/Season 01/Futurama S01 Extra 02-extra.mkv
EPAILTY	11	2026-07-29	/mnt/terastation/dlna/vids/series/Futurama/Season 01/Futurama S01 Extra 03-extra.mkv
EPAILTY	11	2026-08-19	/mnt/terastation/dlna/vids/series/Futurama/Season 02/Futurama S02E01.mkv
EPAILTY	11	2026-08-19	/mnt/terastation/dlna/vids/series/Futurama/Season 02/Futurama S02E02.mkv
EPAILTY	11	2026-08-19	/mnt/terastation/dlna/vids/series/Futurama/Season 02/Futurama S02E03.mkv
EPAILTY	11	2026-08-19	/mnt/terastation/dlna/vids/series/Futurama/Season 02/Futurama S02E04.mkv
EPAILTY	11	2026-08-19	/mnt/terastation/dlna/vids/series/Futurama/Season 02/Futurama S02E05.mkv
EPAILTY	11	2026-08-19	/mnt/terastation/dlna/vids/series/Futurama/Season 02/Futurama S02E06.mkv
EPAILTY	11	2026-08-19	/mnt/terastation/dlna/vids/series/Futurama/Season 02/Futurama S02E07.mkv
EPAILTY	11	2026-08-19	/mnt/terastation/dlna/vids/series/Futurama/Season 02/Futurama S02E08.mkv
EPAILTY	11	2026-08-19	/mnt/terastation/dlna/vids/series/Futurama/Season 02/Futurama S02E09.mkv
EPAILTY	11	2026-08-19	/mnt/terastation/dlna/vids/series/Futurama/Season 02/Futurama S02E10.mkv
EPAILTY	11	2026-08-19	/mnt/terastation/dlna/vids/series/Futurama/Season 02/Futurama S02E11.mkv
EPAILTY	11	2026-08-19	/mnt/terastation/dlna/vids/series/Futurama/Season 02/Futurama S02E12.mkv
EPAILTY	11	2026-08-19	/mnt/terastation/dlna/vids/series/Futurama/Season 02/Futurama S02E13.mkv
EPAILTY	11	2026-08-19	/mnt/terastation/dlna/vids/series/Futurama/Season 02/Futurama S02E14.mkv
EPAILTY	11	2026-08-19	/mnt/terastation/dlna/vids/series/Futurama/Season 02/Futurama S02E15.mkv
EPAILTY	11	2026-08-19	/mnt/terastation/dlna/vids/series/Futurama/Season 02/Futurama S02E16.mkv
EPAILTY	11	2026-08-19	/mnt/terastation/dlna/vids/series/Futurama/Season 02/Futurama S02E17.mkv
EPAILTY	11	2026-08-19	/mnt/terastation/dlna/vids/series/Futurama/Season 02/Futurama S02E18.mkv
EPAILTY	11	2026-08-19	/mnt/terastation/dlna/vids/series/Futurama/Season 02/Futurama S02E19.mkv
EPAILTY	2	2026-08-19	/mnt/terastation/dlna/vids/series/Futurama/Season 02/Futurama S02 Extra 01-extra.mkv
EPAILTY	2	2026-08-19	/mnt/terastation/dlna/vids/series/Futurama/Season 02/Futurama S02 Extra 02-extra.mkv
EPAILTY	2	2026-08-19	/mnt/terastation/dlna/vids/series/Futurama/Season 02/Futurama S02 Extra 03-extra.mkv
EPAILTY	2	2026-08-19	/mnt/terastation/dlna/vids/series/Futurama/Season 02/Futurama S02 Extra 07-extra.mkv
EPAILTY	2	2026-08-19	/mnt/terastation/dlna/vids/series/Futurama/Season 02/Futurama S02 Extra 08-extra.mkv
EPAILTY	2	2026-08-19	/mnt/terastation/dlna/vids/series/Futurama/Season 02/Futurama S02 Extra 09-extra.mkv
EPAILTY	9	2026-08-19	/mnt/terastation/dlna/vids/series/Futurama/Season 03/Futurama S03E01.mkv
EPAILTY	9	2026-08-19	/mnt/terastation/dlna/vids/series/Futurama/Season 03/Futurama S03E02.mkv
EPAILTY	8	2026-08-19	/mnt/terastation/dlna/vids/series/Futurama/Season 03/Futurama S03E03.mkv
EPAILTY	9	2026-08-19	/mnt/terastation/dlna/vids/series/Futurama/Season 03/Futurama S03E06.mkv
EPAILTY	9	2026-08-19	/mnt/terastation/dlna/vids/series/Futurama/Season 03/Futurama S03E07.mkv
EPAILTY	9	2026-08-19	/mnt/terastation/dlna/vids/series/Futurama/Season 03/Futurama S03E08.mkv
EPAILTY	9	2026-08-19	/mnt/terastation/dlna/vids/series/Futurama/Season 03/Futurama S03E09.mkv
EPAILTY	8	2026-08-19	/mnt/terastation/dlna/vids/series/Futurama/Season 03/Futurama S03E10.mkv
EPAILTY	9	2026-08-19	/mnt/terastation/dlna/vids/series/Futurama/Season 03/Futurama S03E11.mkv
EPAILTY	8	2026-08-19	/mnt/terastation/dlna/vids/series/Futurama/Season 03/Futurama S03E12.mkv
EPAILTY	9	2026-08-19	/mnt/terastation/dlna/vids/series/Futurama/Season 03/Futurama S03E13.mkv
EPAILTY	9	2026-08-19	/mnt/terastation/dlna/vids/series/Futurama/Season 03/Futurama S03E14.mkv
EPAILTY	9	2026-08-19	/mnt/terastation/dlna/vids/series/Futurama/Season 03/Futurama S03E15.mkv
EPAILTY	8	2026-08-19	/mnt/terastation/dlna/vids/series/Futurama/Season 03/Futurama S03E16.mkv
EPAILTY	8	2026-08-19	/mnt/terastation/dlna/vids/series/Futurama/Season 03/Futurama S03E17.mkv
EPAILTY	8	2026-08-19	/mnt/terastation/dlna/vids/series/Futurama/Season 03/Futurama S03E18.mkv
EPAILTY	10	2026-08-19	/mnt/terastation/dlna/vids/series/Futurama/Season 03/Futurama S03E19.mkv
EPAILTY	8	2026-08-19	/mnt/terastation/dlna/vids/series/Futurama/Season 03/Futurama S03E20.mkv
EPAILTY	2	2026-08-19	/mnt/terastation/dlna/vids/series/Futurama/Season 03/Futurama S03 Extra 01-extra.mkv
EPAILTY	2	2026-08-19	/mnt/terastation/dlna/vids/series/Futurama/Season 03/Futurama S03 Extra 02-extra.mkv
EPAILTY	2	2026-08-19	/mnt/terastation/dlna/vids/series/Futurama/Season 03/Futurama S03 Extra 03-extra.mkv
EPAILTY	2	2026-08-19	/mnt/terastation/dlna/vids/series/Futurama/Season 03/Futurama S03 Extra 04-extra.mkv
EPAILTY	2	2026-08-19	/mnt/terastation/dlna/vids/series/Futurama/Season 03/Futurama S03 Extra 07-extra.mkv
EPAILTY	2	2026-08-19	/mnt/terastation/dlna/vids/series/Futurama/Season 03/Futurama S03 Extra 08-extra.mkv
EPAILTY	6	2026-08-19	/mnt/terastation/dlna/vids/series/Futurama/Season 04/Futurama S04E01.mkv
EPAILTY	6	2026-08-19	/mnt/terastation/dlna/vids/series/Futurama/Season 04/Futurama S04E02.mkv
EPAILTY	6	2026-08-19	/mnt/terastation/dlna/vids/series/Futurama/Season 04/Futurama S04E03.mkv
EPAILTY	6	2026-08-19	/mnt/terastation/dlna/vids/series/Futurama/Season 04/Futurama S04E04.mkv
EPAILTY	6	2026-08-19	/mnt/terastation/dlna/vids/series/Futurama/Season 04/Futurama S04E05.mkv
EPAILTY	6	2026-08-19	/mnt/terastation/dlna/vids/series/Futurama/Season 04/Futurama S04E06.mkv
EPAILTY	7	2026-08-19	/mnt/terastation/dlna/vids/series/Futurama/Season 04/Futurama S04E07.mkv
EPAILTY	6	2026-08-19	/mnt/terastation/dlna/vids/series/Futurama/Season 04/Futurama S04E08.mkv
EPAILTY	6	2026-08-19	/mnt/terastation/dlna/vids/series/Futurama/Season 04/Futurama S04E09.mkv
EPAILTY	6	2026-08-19	/mnt/terastation/dlna/vids/series/Futurama/Season 04/Futurama S04E10.mkv
EPAILTY	6	2026-08-19	/mnt/terastation/dlna/vids/series/Futurama/Season 04/Futurama S04E11.mkv
EPAILTY	6	2026-08-19	/mnt/terastation/dlna/vids/series/Futurama/Season 04/Futurama S04E12.mkv
EPAILTY	6	2026-08-19	/mnt/terastation/dlna/vids/series/Futurama/Season 04/Futurama S04E13.mkv
EPAILTY	6	2026-08-19	/mnt/terastation/dlna/vids/series/Futurama/Season 04/Futurama S04E14.mkv
OK_UUSI	6	2026-08-20	/mnt/terastation/dlna/vids/series/Futurama/Season 04/Futurama S04E15.mkv
OK_UUSI	6	2026-08-20	/mnt/terastation/dlna/vids/series/Futurama/Season 04/Futurama S04E16.mkv
OK_UUSI	6	2026-08-20	/mnt/terastation/dlna/vids/series/Futurama/Season 04/Futurama S04E17.mkv
OK_UUSI	6	2026-08-20	/mnt/terastation/dlna/vids/series/Futurama/Season 04/Futurama S04E18.mkv
EPAILTY	1	2026-08-19	/mnt/terastation/dlna/vids/series/Futurama/Season 04/Futurama S04 Extra 01-extra.mkv
EPAILTY	1	2026-08-19	/mnt/terastation/dlna/vids/series/Futurama/Season 04/Futurama S04 Extra 02-extra.mkv
EPAILTY	1	2026-08-19	/mnt/terastation/dlna/vids/series/Futurama/Season 04/Futurama S04 Extra 04-extra.mkv
EPAILTY	1	2026-08-19	/mnt/terastation/dlna/vids/series/Futurama/Season 04/Futurama S04 Extra 05-extra.mkv
EPAILTY	1	2026-08-19	/mnt/terastation/dlna/vids/series/Futurama/Season 04/Futurama S04 Extra 06-extra.mkv
EPAILTY	1	2026-08-19	/mnt/terastation/dlna/vids/series/Futurama/Season 04/Futurama S04 Extra 07-extra.mkv
EPAILTY	1	2026-08-19	/mnt/terastation/dlna/vids/series/Futurama/Season 04/Futurama S04 Extra 08-extra.mkv
EPAILTY	1	2026-08-19	/mnt/terastation/dlna/vids/series/Futurama/Season 04/Futurama S04 Extra 09-extra.mkv
EPAILTY	7	2026-08-19	/mnt/terastation/dlna/vids/series/The Andromeda Strain/Season 01/The Andromeda Strain S01E01.mkv
EPAILTY	7	2026-08-19	/mnt/terastation/dlna/vids/series/The Andromeda Strain/Season 01/The Andromeda Strain S01E02.mkv
OK_UUSI	13	2026-08-19	/mnt/terastation/dlna/vids/series/The Wire/Season 01/The Wire S01E01.mkv
EPAILTY	13	2026-07-22	/mnt/terastation/dlna/vids/series/The Wire/Season 01/The Wire S01E02.mkv
EPAILTY	13	2026-07-22	/mnt/terastation/dlna/vids/series/The Wire/Season 01/The Wire S01E03.mkv
EPAILTY	13	2026-07-22	/mnt/terastation/dlna/vids/series/The Wire/Season 01/The Wire S01E04.mkv
EPAILTY	13	2026-07-22	/mnt/terastation/dlna/vids/series/The Wire/Season 01/The Wire S01E05.mkv
EPAILTY	13	2026-07-23	/mnt/terastation/dlna/vids/series/The Wire/Season 01/The Wire S01E06.mkv
EPAILTY	13	2026-07-23	/mnt/terastation/dlna/vids/series/The Wire/Season 01/The Wire S01E07.mkv
EPAILTY	13	2026-07-23	/mnt/terastation/dlna/vids/series/The Wire/Season 01/The Wire S01E08.mkv
EPAILTY	13	2026-07-23	/mnt/terastation/dlna/vids/series/The Wire/Season 01/The Wire S01E09.mkv
EPAILTY	13	2026-07-23	/mnt/terastation/dlna/vids/series/The Wire/Season 01/The Wire S01E10.mkv
EPAILTY	13	2026-07-23	/mnt/terastation/dlna/vids/series/The Wire/Season 01/The Wire S01E11.mkv
EPAILTY	13	2026-07-23	/mnt/terastation/dlna/vids/series/The Wire/Season 01/The Wire S01E12.mkv
EPAILTY	13	2026-07-23	/mnt/terastation/dlna/vids/series/The Wire/Season 01/The Wire S01E13.mkv
EPAILTY	12	2026-07-23	/mnt/terastation/dlna/vids/series/The Wire/Season 02/The Wire S02E01.mkv
EPAILTY	12	2026-07-23	/mnt/terastation/dlna/vids/series/The Wire/Season 02/The Wire S02E02.mkv
EPAILTY	12	2026-07-23	/mnt/terastation/dlna/vids/series/The Wire/Season 02/The Wire S02E03.mkv
EPAILTY	12	2026-07-23	/mnt/terastation/dlna/vids/series/The Wire/Season 02/The Wire S02E04.mkv
EPAILTY	12	2026-07-23	/mnt/terastation/dlna/vids/series/The Wire/Season 02/The Wire S02E05.mkv
EPAILTY	12	2026-07-23	/mnt/terastation/dlna/vids/series/The Wire/Season 02/The Wire S02E06.mkv
EPAILTY	12	2026-07-24	/mnt/terastation/dlna/vids/series/The Wire/Season 02/The Wire S02E07.mkv
EPAILTY	12	2026-07-24	/mnt/terastation/dlna/vids/series/The Wire/Season 02/The Wire S02E08.mkv
EPAILTY	12	2026-07-24	/mnt/terastation/dlna/vids/series/The Wire/Season 02/The Wire S02E09.mkv
EPAILTY	12	2026-07-24	/mnt/terastation/dlna/vids/series/The Wire/Season 02/The Wire S02E10.mkv
EPAILTY	12	2026-07-24	/mnt/terastation/dlna/vids/series/The Wire/Season 02/The Wire S02E11.mkv
EPAILTY	12	2026-07-24	/mnt/terastation/dlna/vids/series/The Wire/Season 02/The Wire S02E12.mkv
EPAILTY	11	2026-07-24	/mnt/terastation/dlna/vids/series/The Wire/Season 03/The Wire S03E01.mkv
EPAILTY	11	2026-07-24	/mnt/terastation/dlna/vids/series/The Wire/Season 03/The Wire S03E02.mkv
EPAILTY	11	2026-07-24	/mnt/terastation/dlna/vids/series/The Wire/Season 03/The Wire S03E03.mkv
EPAILTY	11	2026-07-24	/mnt/terastation/dlna/vids/series/The Wire/Season 03/The Wire S03E04.mkv
EPAILTY	11	2026-07-25	/mnt/terastation/dlna/vids/series/The Wire/Season 03/The Wire S03E05.mkv
EPAILTY	11	2026-07-25	/mnt/terastation/dlna/vids/series/The Wire/Season 03/The Wire S03E06.mkv
EPAILTY	11	2026-07-25	/mnt/terastation/dlna/vids/series/The Wire/Season 03/The Wire S03E07.mkv
EPAILTY	11	2026-07-25	/mnt/terastation/dlna/vids/series/The Wire/Season 03/The Wire S03E08.mkv
EPAILTY	11	2026-07-25	/mnt/terastation/dlna/vids/series/The Wire/Season 03/The Wire S03E09.mkv
EPAILTY	11	2026-07-25	/mnt/terastation/dlna/vids/series/The Wire/Season 03/The Wire S03E10.mkv
EPAILTY	11	2026-07-25	/mnt/terastation/dlna/vids/series/The Wire/Season 03/The Wire S03E11.mkv
EPAILTY	11	2026-07-25	/mnt/terastation/dlna/vids/series/The Wire/Season 03/The Wire S03E12.mkv
EPAILTY	3	2026-07-27	/mnt/terastation/dlna/vids/series/The Wire/Season 03/The Wire S03E13.mkv
EPAILTY	3	2026-07-27	/mnt/terastation/dlna/vids/series/The Wire/Season 03/The Wire S03E14.mkv
EPAILTY	11	2026-07-26	/mnt/terastation/dlna/vids/series/The Wire/Season 04/The Wire S04E01.mkv
EPAILTY	11	2026-07-26	/mnt/terastation/dlna/vids/series/The Wire/Season 04/The Wire S04E02.mkv
EPAILTY	11	2026-07-26	/mnt/terastation/dlna/vids/series/The Wire/Season 04/The Wire S04E03.mkv
EPAILTY	11	2026-07-26	/mnt/terastation/dlna/vids/series/The Wire/Season 04/The Wire S04E04.mkv
EPAILTY	11	2026-07-26	/mnt/terastation/dlna/vids/series/The Wire/Season 04/The Wire S04E05.mkv
EPAILTY	11	2026-07-26	/mnt/terastation/dlna/vids/series/The Wire/Season 04/The Wire S04E06.mkv
EPAILTY	11	2026-07-26	/mnt/terastation/dlna/vids/series/The Wire/Season 04/The Wire S04E07.mkv
EPAILTY	11	2026-07-26	/mnt/terastation/dlna/vids/series/The Wire/Season 04/The Wire S04E08.mkv
EPAILTY	11	2026-07-26	/mnt/terastation/dlna/vids/series/The Wire/Season 04/The Wire S04E09.mkv
EPAILTY	11	2026-07-26	/mnt/terastation/dlna/vids/series/The Wire/Season 04/The Wire S04E10.mkv
EPAILTY	11	2026-07-26	/mnt/terastation/dlna/vids/series/The Wire/Season 04/The Wire S04E11.mkv
EPAILTY	11	2026-07-26	/mnt/terastation/dlna/vids/series/The Wire/Season 04/The Wire S04E12.mkv
EPAILTY	11	2026-08-19	/mnt/terastation/dlna/vids/series/The Wire/Season 04/The Wire S04E13.mkv
EPAILTY	11	2026-07-27	/mnt/terastation/dlna/vids/series/The Wire/Season 04/The Wire S04E14.mkv
EPAILTY	3	2026-08-19	/mnt/terastation/dlna/vids/series/The Wire/Season 04/The Wire S04 Extra 02-extra.mkv
EPAILTY	3	2026-08-19	/mnt/terastation/dlna/vids/series/The Wire/Season 04/The Wire S04 Extra 03-extra.mkv
EPAILTY	11	2026-08-19	/mnt/terastation/dlna/vids/series/The Wire/Season 05/The Wire S05E01.mkv
EPAILTY	11	2026-08-19	/mnt/terastation/dlna/vids/series/The Wire/Season 05/The Wire S05E02.mkv
EPAILTY	11	2026-08-19	/mnt/terastation/dlna/vids/series/The Wire/Season 05/The Wire S05E03.mkv
EPAILTY	11	2026-08-19	/mnt/terastation/dlna/vids/series/The Wire/Season 05/The Wire S05E04.mkv
EPAILTY	11	2026-08-19	/mnt/terastation/dlna/vids/series/The Wire/Season 05/The Wire S05E05.mkv
EPAILTY	11	2026-08-19	/mnt/terastation/dlna/vids/series/The Wire/Season 05/The Wire S05E06.mkv
EPAILTY	11	2026-07-27	/mnt/terastation/dlna/vids/series/The Wire/Season 05/The Wire S05E07.mkv
EPAILTY	11	2026-07-27	/mnt/terastation/dlna/vids/series/The Wire/Season 05/The Wire S05E08.mkv
EPAILTY	11	2026-07-27	/mnt/terastation/dlna/vids/series/The Wire/Season 05/The Wire S05E09.mkv
EPAILTY	11	2026-08-19	/mnt/terastation/dlna/vids/series/The Wire/Season 05/The Wire S05E10.mkv
EPAILTY	11	2026-07-27	/mnt/terastation/dlna/vids/series/The Wire/Season 05/The Wire S05 Extra 01-extra.mkv
EPAILTY	3	2026-08-19	/mnt/terastation/dlna/vids/series/The Wire/Season 05/The Wire S05 Extra 02-extra.mkv
EPAILTY	3	2026-08-19	/mnt/terastation/dlna/vids/series/The Wire/Season 05/The Wire S05 Extra 03-extra.mkv
